{
  "segments": [
    {
      "title": "INTRODUÇÃO",
      "subsections": [
        {
          "subtitle": "IDENTIFICAÇÃO",
          "items": [
            {
              "id": 0,
              "timestamp": "00:26"
            },
            {
              "id": 2,
              "timestamp": "00:32"
            },
            {
              "id": 16,
              "timestamp": "06:03"
            }
          ]
        },
        {
          "subtitle": "FAMÍLIA",
          "items": [
            {
              "id": 4,
              "timestamp": "01:11"
            },
            {
              "id": 6,
              "timestamp": "01:40"
            },
            {
              "id": 8,
              "timestamp": "03:16"
            },
            {
              "id": 10,
              "timestamp": "03:23"
            },
            {
              "id": 12,
              "timestamp": "04:46"
            },
            {
              "id": 14,
              "timestamp": "05:22"
            },
            {
              "id": 82,
              "timestamp": "52:03"
            },
            {
              "id": 84,
              "timestamp": "54:45"
            },
            {
              "id": 86,
              "timestamp": "57:28"
            },
            {
              "id": 88,
              "timestamp": "57:35"
            }
          ]
        },
        {
          "subtitle": "INFÂNCIA",
          "items": [
            {
              "id": 18,
              "timestamp": "10:23"
            }
          ]
        },
        {
          "subtitle": "ESCOLA",
          "items": [
            {
              "id": 20,
              "timestamp": "17:16"
            },
            {
              "id": 30,
              "timestamp": "21:46"
            },
            {
              "id": 32,
              "timestamp": "21:56"
            },
            {
              "id": 34,
              "timestamp": "21:59"
            },
            {
              "id": 44,
              "timestamp": "33:24"
            },
            {
              "id": 46,
              "timestamp": "33:33"
            },
            {
              "id": 48,
              "timestamp": "34:21"
            },
            {
              "id": 74,
              "timestamp": "49:01"
            },
            {
              "id": 76,
              "timestamp": "50:36"
            }
          ]
        },
        {
          "subtitle": "JUVENTUDE",
          "items": [
            {
              "id": 22,
              "timestamp": "18:25"
            },
            {
              "id": 24,
              "timestamp": "19:11"
            },
            {
              "id": 26,
              "timestamp": "19:18"
            },
            {
              "id": 28,
              "timestamp": "20:53"
            },
            {
              "id": 36,
              "timestamp": "27:29"
            },
            {
              "id": 38,
              "timestamp": "28:19"
            },
            {
              "id": 40,
              "timestamp": "32:08"
            },
            {
              "id": 42,
              "timestamp": "32:24"
            },
            {
              "id": 68,
              "timestamp": "47:20"
            },
            {
              "id": 70,
              "timestamp": "47:26"
            },
            {
              "id": 72,
              "timestamp": "48:23"
            }
          ]
        }
      ]
    },
    {
      "title": "DESENVOLVIMENTO",
      "subsections": [
        {
          "subtitle": "TRABALHO/ COMÉRCIO",
          "items": [
            {
              "id": 50,
              "timestamp": "35:57"
            },
            {
              "id": 52,
              "timestamp": "36:30"
            },
            {
              "id": 54,
              "timestamp": "37:59"
            },
            {
              "id": 56,
              "timestamp": "39:58"
            },
            {
              "id": 58,
              "timestamp": "41:10"
            },
            {
              "id": 60,
              "timestamp": "41:24"
            },
            {
              "id": 62,
              "timestamp": "42:33"
            },
            {
              "id": 64,
              "timestamp": "43:35"
            },
            {
              "id": 66,
              "timestamp": "45:55"
            },
            {
              "id": 78,
              "timestamp": "50:46"
            },
            {
              "id": 80,
              "timestamp": "51:11"
            }
          ]
        }
      ]
    },
    {
      "title": "FINALIZAÇÃO",
      "subsections": [
        {
          "subtitle": "ATUALIDADE E FUTURO",
          "items": [
            {
              "id": 90,
              "timestamp": "60:27"
            },
            {
              "id": 92,
              "timestamp": "61:55"
            },
            {
              "id": 94,
              "timestamp": "62:56"
            },
            {
              "id": 96,
              "timestamp": "63:08"
            },
            {
              "id": 98,
              "timestamp": "63:13"
            },
            {
              "id": 100,
              "timestamp": "64:11"
            },
            {
              "id": 102,
              "timestamp": "68:11"
            },
            {
              "id": 104,
              "timestamp": "69:27"
            },
            {
              "id": 106,
              "timestamp": "70:25"
            },
            {
              "id": 108,
              "timestamp": "72:13"
            },
            {
              "id": 110,
              "timestamp": "72:58"
            },
            {
              "id": 112,
              "timestamp": "74:26"
            },
            {
              "id": 114,
              "timestamp": "75:02"
            }
          ]
        }
      ]
    }
  ]
}