{
  "segments": [
    {
      "title": "INTRODUÇÃO",
      "subsections": [
        {
          "subtitle": "IDENTIFICAÇÃO",
          "items": [
            {
              "id": 0,
              "timestamp": "00:20"
            },
            {
              "id": 2,
              "timestamp": "00:41"
            },
            {
              "id": 4,
              "timestamp": "01:40"
            }
          ]
        },
        {
          "subtitle": "FAMÍLIA",
          "items": [
            {
              "id": 6,
              "timestamp": "02:27"
            },
            {
              "id": 8,
              "timestamp": "06:07"
            },
            {
              "id": 10,
              "timestamp": "07:32"
            },
            {
              "id": 12,
              "timestamp": "08:17"
            },
            {
              "id": 14,
              "timestamp": "09:55"
            },
            {
              "id": 16,
              "timestamp": "10:29"
            },
            {
              "id": 18,
              "timestamp": "17:00"
            },
            {
              "id": 20,
              "timestamp": "17:06"
            },
            {
              "id": 22,
              "timestamp": "17:56"
            },
            {
              "id": 46,
              "timestamp": "30:08"
            },
            {
              "id": 54,
              "timestamp": "38:08"
            },
            {
              "id": 56,
              "timestamp": "39:38"
            },
            {
              "id": 64,
              "timestamp": "50:09"
            },
            {
              "id": 66,
              "timestamp": "50:21"
            },
            {
              "id": 68,
              "timestamp": "51:02"
            },
            {
              "id": 70,
              "timestamp": "51:05"
            },
            {
              "id": 72,
              "timestamp": "51:26"
            },
            {
              "id": 76,
              "timestamp": "56:33"
            },
            {
              "id": 78,
              "timestamp": "57:24"
            },
            {
              "id": 80,
              "timestamp": "59:43"
            },
            {
              "id": 82,
              "timestamp": "60:06"
            },
            {
              "id": 84,
              "timestamp": "61:54"
            },
            {
              "id": 110,
              "timestamp": "95:18"
            },
            {
              "id": 134,
              "timestamp": "147:18"
            },
            {
              "id": 136,
              "timestamp": "147:35"
            }
          ]
        },
        {
          "subtitle": "INFÂNCIA",
          "items": [
            {
              "id": 28,
              "timestamp": "22:23"
            }
          ]
        },
        {
          "subtitle": "ESCOLA",
          "items": [
            {
              "id": 24,
              "timestamp": "18:54"
            },
            {
              "id": 26,
              "timestamp": "20:37"
            },
            {
              "id": 48,
              "timestamp": "33:11"
            },
            {
              "id": 50,
              "timestamp": "33:48"
            },
            {
              "id": 52,
              "timestamp": "35:42"
            }
          ]
        },
        {
          "subtitle": "JUVENTUDE",
          "items": [
            {
              "id": 30,
              "timestamp": "22:52"
            },
            {
              "id": 32,
              "timestamp": "23:34"
            },
            {
              "id": 34,
              "timestamp": "24:44"
            },
            {
              "id": 36,
              "timestamp": "26:52"
            },
            {
              "id": 38,
              "timestamp": "27:41"
            },
            {
              "id": 40,
              "timestamp": "27:46"
            },
            {
              "id": 42,
              "timestamp": "29:12"
            },
            {
              "id": 44,
              "timestamp": "29:15"
            }
          ]
        }
      ]
    },
    {
      "title": "DESENVOLVIMENTO",
      "subsections": [
        {
          "subtitle": "TRABALHO/ COMÉRCIO",
          "items": [
            {
              "id": 58,
              "timestamp": "44:49"
            },
            {
              "id": 60,
              "timestamp": "46:12"
            },
            {
              "id": 62,
              "timestamp": "49:20"
            },
            {
              "id": 74,
              "timestamp": "52:33"
            },
            {
              "id": 86,
              "timestamp": "62:36"
            },
            {
              "id": 88,
              "timestamp": "64:27"
            },
            {
              "id": 90,
              "timestamp": "68:51"
            },
            {
              "id": 92,
              "timestamp": "72:44"
            },
            {
              "id": 94,
              "timestamp": "76:05"
            },
            {
              "id": 96,
              "timestamp": "80:50"
            },
            {
              "id": 98,
              "timestamp": "86:46"
            },
            {
              "id": 100,
              "timestamp": "87:05"
            },
            {
              "id": 102,
              "timestamp": "87:10"
            },
            {
              "id": 104,
              "timestamp": "89:22"
            },
            {
              "id": 106,
              "timestamp": "91:12"
            },
            {
              "id": 108,
              "timestamp": "94:15"
            },
            {
              "id": 112,
              "timestamp": "96:00"
            },
            {
              "id": 114,
              "timestamp": "99:48"
            },
            {
              "id": 116,
              "timestamp": "104:22"
            },
            {
              "id": 118,
              "timestamp": "114:57"
            },
            {
              "id": 120,
              "timestamp": "119:11"
            },
            {
              "id": 122,
              "timestamp": "125:40"
            },
            {
              "id": 124,
              "timestamp": "131:13"
            },
            {
              "id": 126,
              "timestamp": "136:04"
            },
            {
              "id": 128,
              "timestamp": "141:26"
            },
            {
              "id": 130,
              "timestamp": "142:39"
            },
            {
              "id": 132,
              "timestamp": "144:45"
            }
          ]
        }
      ]
    },
    {
      "title": "FINALIZAÇÃO",
      "subsections": [
        {
          "subtitle": "ENCERRAMENTO",
          "items": [
            {
              "id": 138,
              "timestamp": "150:47"
            },
            {
              "id": 140,
              "timestamp": "156:33"
            },
            {
              "id": 142,
              "timestamp": "156:50"
            }
          ]
        }
      ]
    }
  ]
}