{
  "segments": [
    {
      "title": "INTRODUÇÃO",
      "subsections": [
        {
          "subtitle": "IDENTIFICAÇÃO",
          "items": [
            {
              "id": 1,
              "timestamp": "00:30"
            },
            {
              "id": 3,
              "timestamp": "00:59"
            },
            {
              "id": 9,
              "timestamp": "02:34"
            }
          ]
        },
        {
          "subtitle": "FAMÍLIA",
          "items": [
            {
              "id": 5,
              "timestamp": "01:04"
            },
            {
              "id": 7,
              "timestamp": "01:56"
            },
            {
              "id": 11,
              "timestamp": "03:30"
            },
            {
              "id": 19,
              "timestamp": "07:10"
            }
          ]
        },
        {
          "subtitle": "INFÂNCIA",
          "items": [
            {
              "id": 13,
              "timestamp": "04:31"
            },
            {
              "id": 15,
              "timestamp": "05:11"
            },
            {
              "id": 17,
              "timestamp": "05:44"
            },
            {
              "id": 21,
              "timestamp": "07:44"
            },
            {
              "id": 23,
              "timestamp": "09:42"
            },
            {
              "id": 25,
              "timestamp": "09:49"
            }
          ]
        },
        {
          "subtitle": "ESCOLA",
          "items": [
            {
              "id": 27,
              "timestamp": "12:52"
            },
            {
              "id": 29,
              "timestamp": "13:49"
            }
          ]
        },
        {
          "subtitle": "JUVENTUDE",
          "items": [
            {
              "id": 31,
              "timestamp": "17:00"
            },
            {
              "id": 33,
              "timestamp": "17:31"
            },
            {
              "id": 35,
              "timestamp": "17:41"
            },
            {
              "id": 37,
              "timestamp": "18:02"
            },
            {
              "id": 39,
              "timestamp": "18:44"
            },
            {
              "id": 51,
              "timestamp": "27:49"
            },
            {
              "id": 53,
              "timestamp": "30:24"
            }
          ]
        }
      ]
    },
    {
      "title": "DESENVOLVIMENTO",
      "subsections": [
        {
          "subtitle": "TRABALHO/ COMÉRCIO",
          "items": [
            {
              "id": 41,
              "timestamp": "19:34"
            },
            {
              "id": 43,
              "timestamp": "21:38"
            },
            {
              "id": 45,
              "timestamp": "22:33"
            },
            {
              "id": 47,
              "timestamp": "25:28"
            },
            {
              "id": 49,
              "timestamp": "26:35"
            },
            {
              "id": 55,
              "timestamp": "31:05"
            },
            {
              "id": 57,
              "timestamp": "31:17"
            },
            {
              "id": 59,
              "timestamp": "31:30"
            },
            {
              "id": 61,
              "timestamp": "32:03"
            }
          ]
        }
      ]
    },
    {
      "title": "FINALIZAÇÃO",
      "subsections": [
        {
          "subtitle": "CONSIDERAÇÕES FINAIS",
          "items": [
            {
              "id": 63,
              "timestamp": "35:18"
            },
            {
              "id": 65,
              "timestamp": "37:16"
            },
            {
              "id": 67,
              "timestamp": "39:15"
            },
            {
              "id": 69,
              "timestamp": "40:43"
            },
            {
              "id": 71,
              "timestamp": "49:50"
            },
            {
              "id": 73,
              "timestamp": "50:56"
            },
            {
              "id": 75,
              "timestamp": "52:50"
            },
            {
              "id": 77,
              "timestamp": "54:12"
            },
            {
              "id": 79,
              "timestamp": "55:07"
            },
            {
              "id": 81,
              "timestamp": "56:29"
            },
            {
              "id": 83,
              "timestamp": "59:14"
            },
            {
              "id": 85,
              "timestamp": "65:37"
            },
            {
              "id": 87,
              "timestamp": "65:58"
            }
          ]
        }
      ]
    }
  ]
}