{
  "segments": [
    {
      "title": "INTRODUÇÃO",
      "subsections": [
        {
          "subtitle": "IDENTIFICAÇÃO",
          "items": [
            {
              "id": 0,
              "timestamp": "00:19"
            },
            {
              "id": 2,
              "timestamp": "00:59"
            },
            {
              "id": 10,
              "timestamp": "05:16"
            }
          ]
        },
        {
          "subtitle": "FAMÍLIA",
          "items": [
            {
              "id": 4,
              "timestamp": "01:29"
            },
            {
              "id": 6,
              "timestamp": "03:55"
            },
            {
              "id": 8,
              "timestamp": "04:24"
            },
            {
              "id": 16,
              "timestamp": "10:33"
            },
            {
              "id": 18,
              "timestamp": "11:59"
            },
            {
              "id": 20,
              "timestamp": "13:00"
            },
            {
              "id": 22,
              "timestamp": "13:42"
            },
            {
              "id": 24,
              "timestamp": "13:46"
            },
            {
              "id": 26,
              "timestamp": "15:42"
            }
          ]
        },
        {
          "subtitle": "INFÂNCIA",
          "items": [
            {
              "id": 12,
              "timestamp": "05:48"
            },
            {
              "id": 28,
              "timestamp": "16:32"
            },
            {
              "id": 30,
              "timestamp": "17:13"
            },
            {
              "id": 32,
              "timestamp": "17:51"
            }
          ]
        },
        {
          "subtitle": "ESCOLA",
          "items": [
            {
              "id": 14,
              "timestamp": "09:12"
            },
            {
              "id": 34,
              "timestamp": "18:06"
            },
            {
              "id": 36,
              "timestamp": "19:10"
            },
            {
              "id": 38,
              "timestamp": "19:40"
            },
            {
              "id": 40,
              "timestamp": "19:44"
            },
            {
              "id": 42,
              "timestamp": "20:34"
            },
            {
              "id": 44,
              "timestamp": "21:04"
            },
            {
              "id": 46,
              "timestamp": "21:52"
            },
            {
              "id": 48,
              "timestamp": "23:57"
            },
            {
              "id": 50,
              "timestamp": "24:07"
            },
            {
              "id": 64,
              "timestamp": "28:46"
            },
            {
              "id": 66,
              "timestamp": "29:17"
            },
            {
              "id": 68,
              "timestamp": "30:00"
            },
            {
              "id": 70,
              "timestamp": "31:23"
            },
            {
              "id": 72,
              "timestamp": "33:01"
            }
          ]
        },
        {
          "subtitle": "JUVENTUDE",
          "items": [
            {
              "id": 52,
              "timestamp": "24:38"
            },
            {
              "id": 54,
              "timestamp": "24:53"
            },
            {
              "id": 56,
              "timestamp": "25:52"
            },
            {
              "id": 58,
              "timestamp": "26:01"
            },
            {
              "id": 60,
              "timestamp": "26:05"
            },
            {
              "id": 62,
              "timestamp": "26:10"
            },
            {
              "id": 74,
              "timestamp": "33:09"
            },
            {
              "id": 76,
              "timestamp": "33:55"
            },
            {
              "id": 86,
              "timestamp": "40:44"
            },
            {
              "id": 88,
              "timestamp": "41:37"
            },
            {
              "id": 90,
              "timestamp": "42:18"
            },
            {
              "id": 92,
              "timestamp": "42:30"
            },
            {
              "id": 94,
              "timestamp": "42:43"
            },
            {
              "id": 96,
              "timestamp": "42:54"
            },
            {
              "id": 98,
              "timestamp": "43:17"
            },
            {
              "id": 100,
              "timestamp": "43:30"
            },
            {
              "id": 102,
              "timestamp": "43:42"
            },
            {
              "id": 104,
              "timestamp": "46:12"
            }
          ]
        }
      ]
    },
    {
      "title": "DESENVOLVIMENTO",
      "subsections": [
        {
          "subtitle": "TRABALHO/ COMÉRCIO",
          "items": [
            {
              "id": 78,
              "timestamp": "34:27"
            },
            {
              "id": 80,
              "timestamp": "36:28"
            },
            {
              "id": 82,
              "timestamp": "37:30"
            },
            {
              "id": 84,
              "timestamp": "39:47"
            },
            {
              "id": 106,
              "timestamp": "48:14"
            },
            {
              "id": 108,
              "timestamp": "51:14"
            }
          ]
        }
      ]
    },
    {
      "title": "FINALIZAÇÃO",
      "subsections": [
        {
          "subtitle": "CONSIDERAÇÕES FINAIS",
          "items": [
            {
              "id": 110,
              "timestamp": "56:19"
            },
            {
              "id": 112,
              "timestamp": "56:24"
            },
            {
              "id": 114,
              "timestamp": "57:18"
            },
            {
              "id": 116,
              "timestamp": "57:51"
            },
            {
              "id": 118,
              "timestamp": "58:02"
            },
            {
              "id": 120,
              "timestamp": "62:02"
            },
            {
              "id": 122,
              "timestamp": "63:52"
            },
            {
              "id": 124,
              "timestamp": "64:57"
            },
            {
              "id": 126,
              "timestamp": "65:10"
            },
            {
              "id": 128,
              "timestamp": "65:18"
            },
            {
              "id": 130,
              "timestamp": "67:29"
            },
            {
              "id": 132,
              "timestamp": "68:48"
            },
            {
              "id": 134,
              "timestamp": "69:33"
            },
            {
              "id": 136,
              "timestamp": "69:45"
            },
            {
              "id": 138,
              "timestamp": "71:38"
            },
            {
              "id": 140,
              "timestamp": "72:04"
            },
            {
              "id": 142,
              "timestamp": "72:35"
            },
            {
              "id": 144,
              "timestamp": "73:33"
            },
            {
              "id": 146,
              "timestamp": "80:23"
            },
            {
              "id": 148,
              "timestamp": "84:22"
            },
            {
              "id": 150,
              "timestamp": "86:35"
            },
            {
              "id": 152,
              "timestamp": "87:10"
            },
            {
              "id": 154,
              "timestamp": "88:33"
            },
            {
              "id": 156,
              "timestamp": "89:13"
            },
            {
              "id": 158,
              "timestamp": "89:20"
            }
          ]
        }
      ]
    }
  ]
}