{
  "segments": [
    {
      "title": "INTRODUÇÃO",
      "subsections": [
        {
          "subtitle": "IDENTIFICAÇÃO",
          "items": [
            {
              "id": 0,
              "timestamp": "00:32"
            }
          ]
        },
        {
          "subtitle": "FAMÍLIA",
          "items": [
            {
              "id": 2,
              "timestamp": "01:32"
            },
            {
              "id": 4,
              "timestamp": "03:29"
            },
            {
              "id": 6,
              "timestamp": "06:31"
            }
          ]
        },
        {
          "subtitle": "IDENTIFICAÇÃO",
          "items": [
            {
              "id": 8,
              "timestamp": "08:10"
            },
            {
              "id": 10,
              "timestamp": "08:12"
            }
          ]
        },
        {
          "subtitle": "INFÂNCIA",
          "items": [
            {
              "id": 12,
              "timestamp": "08:31"
            },
            {
              "id": 14,
              "timestamp": "10:07"
            },
            {
              "id": 16,
              "timestamp": "12:54"
            },
            {
              "id": 18,
              "timestamp": "13:01"
            },
            {
              "id": 20,
              "timestamp": "13:53"
            },
            {
              "id": 22,
              "timestamp": "16:24"
            },
            {
              "id": 24,
              "timestamp": "20:08"
            }
          ]
        },
        {
          "subtitle": "ESCOLA",
          "items": [
            {
              "id": 26,
              "timestamp": "21:04"
            },
            {
              "id": 28,
              "timestamp": "21:10"
            },
            {
              "id": 30,
              "timestamp": "21:15"
            },
            {
              "id": 32,
              "timestamp": "22:47"
            },
            {
              "id": 34,
              "timestamp": "25:00"
            },
            {
              "id": 36,
              "timestamp": "25:20"
            },
            {
              "id": 38,
              "timestamp": "27:04"
            }
          ]
        },
        {
          "subtitle": "JUVENTUDE",
          "items": [
            {
              "id": 40,
              "timestamp": "27:20"
            },
            {
              "id": 42,
              "timestamp": "29:39"
            },
            {
              "id": 44,
              "timestamp": "29:50"
            },
            {
              "id": 46,
              "timestamp": "30:14"
            },
            {
              "id": 48,
              "timestamp": "30:22"
            },
            {
              "id": 50,
              "timestamp": "31:16"
            },
            {
              "id": 52,
              "timestamp": "31:50"
            },
            {
              "id": 54,
              "timestamp": "32:11"
            },
            {
              "id": 56,
              "timestamp": "32:54"
            },
            {
              "id": 58,
              "timestamp": "34:22"
            },
            {
              "id": 60,
              "timestamp": "34:53"
            },
            {
              "id": 62,
              "timestamp": "35:27"
            },
            {
              "id": 64,
              "timestamp": "36:34"
            },
            {
              "id": 66,
              "timestamp": "37:52"
            },
            {
              "id": 68,
              "timestamp": "38:05"
            },
            {
              "id": 70,
              "timestamp": "38:22"
            },
            {
              "id": 72,
              "timestamp": "41:30"
            },
            {
              "id": 74,
              "timestamp": "41:33"
            },
            {
              "id": 76,
              "timestamp": "43:51"
            },
            {
              "id": 78,
              "timestamp": "43:59"
            },
            {
              "id": 80,
              "timestamp": "44:36"
            },
            {
              "id": 82,
              "timestamp": "45:20"
            },
            {
              "id": 84,
              "timestamp": "45:54"
            },
            {
              "id": 86,
              "timestamp": "45:57"
            },
            {
              "id": 88,
              "timestamp": "46:16"
            },
            {
              "id": 90,
              "timestamp": "46:25"
            },
            {
              "id": 92,
              "timestamp": "46:51"
            },
            {
              "id": 94,
              "timestamp": "46:54"
            },
            {
              "id": 96,
              "timestamp": "46:55"
            },
            {
              "id": 98,
              "timestamp": "47:33"
            },
            {
              "id": 100,
              "timestamp": "48:02"
            },
            {
              "id": 102,
              "timestamp": "50:42"
            }
          ]
        }
      ]
    },
    {
      "title": "DESENVOLVIMENTO",
      "subsections": [
        {
          "subtitle": "TRABALHO/ COMÉRCIO",
          "items": [
            {
              "id": 104,
              "timestamp": "52:22"
            },
            {
              "id": 106,
              "timestamp": "52:30"
            },
            {
              "id": 108,
              "timestamp": "52:34"
            },
            {
              "id": 110,
              "timestamp": "52:41"
            },
            {
              "id": 112,
              "timestamp": "53:07"
            },
            {
              "id": 114,
              "timestamp": "53:12"
            },
            {
              "id": 116,
              "timestamp": "53:40"
            },
            {
              "id": 118,
              "timestamp": "53:43"
            },
            {
              "id": 120,
              "timestamp": "54:52"
            },
            {
              "id": 122,
              "timestamp": "55:33"
            },
            {
              "id": 124,
              "timestamp": "57:41"
            },
            {
              "id": 126,
              "timestamp": "58:21"
            },
            {
              "id": 128,
              "timestamp": "58:59"
            },
            {
              "id": 130,
              "timestamp": "59:06"
            },
            {
              "id": 132,
              "timestamp": "60:29"
            },
            {
              "id": 134,
              "timestamp": "61:43"
            },
            {
              "id": 136,
              "timestamp": "64:08"
            },
            {
              "id": 138,
              "timestamp": "66:37"
            },
            {
              "id": 140,
              "timestamp": "67:18"
            },
            {
              "id": 142,
              "timestamp": "67:28"
            },
            {
              "id": 144,
              "timestamp": "69:01"
            },
            {
              "id": 146,
              "timestamp": "69:13"
            }
          ]
        }
      ]
    },
    {
      "title": "FINALIZAÇÃO",
      "subsections": [
        {
          "subtitle": "FINALIZAÇÃO",
          "items": [
            {
              "id": 148,
              "timestamp": "73:04"
            },
            {
              "id": 150,
              "timestamp": "75:10"
            },
            {
              "id": 152,
              "timestamp": "75:30"
            },
            {
              "id": 154,
              "timestamp": "75:38"
            },
            {
              "id": 156,
              "timestamp": "77:14"
            },
            {
              "id": 158,
              "timestamp": "77:19"
            }
          ]
        }
      ]
    }
  ]
}