{
  "segments": [
    {
      "title": "INTRODUÇÃO",
      "subsections": [
        {
          "subtitle": "IDENTIFICAÇÃO",
          "items": [
            {
              "id": 0,
              "timestamp": "00:30"
            },
            {
              "id": 2,
              "timestamp": "00:45"
            },
            {
              "id": 4,
              "timestamp": "00:54"
            },
            {
              "id": 14,
              "timestamp": "01:38"
            },
            {
              "id": 16,
              "timestamp": "01:47"
            },
            {
              "id": 18,
              "timestamp": "01:51"
            }
          ]
        },
        {
          "subtitle": "FAMÍLIA",
          "items": [
            {
              "id": 6,
              "timestamp": "01:06"
            },
            {
              "id": 8,
              "timestamp": "01:14"
            },
            {
              "id": 10,
              "timestamp": "01:24"
            },
            {
              "id": 12,
              "timestamp": "01:32"
            }
          ]
        },
        {
          "subtitle": "INFÂNCIA",
          "items": [
            {
              "id": 20,
              "timestamp": "01:55"
            },
            {
              "id": 22,
              "timestamp": "02:02"
            },
            {
              "id": 24,
              "timestamp": "02:23"
            },
            {
              "id": 26,
              "timestamp": "02:34"
            },
            {
              "id": 28,
              "timestamp": "02:46"
            },
            {
              "id": 30,
              "timestamp": "03:02"
            },
            {
              "id": 32,
              "timestamp": "03:18"
            },
            {
              "id": 34,
              "timestamp": "03:21"
            },
            {
              "id": 36,
              "timestamp": "03:33"
            },
            {
              "id": 38,
              "timestamp": "03:41"
            },
            {
              "id": 40,
              "timestamp": "03:54"
            },
            {
              "id": 42,
              "timestamp": "03:58"
            },
            {
              "id": 44,
              "timestamp": "04:12"
            },
            {
              "id": 46,
              "timestamp": "04:21"
            },
            {
              "id": 48,
              "timestamp": "04:28"
            },
            {
              "id": 50,
              "timestamp": "04:38"
            },
            {
              "id": 52,
              "timestamp": "05:10"
            },
            {
              "id": 54,
              "timestamp": "05:17"
            },
            {
              "id": 56,
              "timestamp": "05:32"
            },
            {
              "id": 58,
              "timestamp": "05:48"
            }
          ]
        },
        {
          "subtitle": "ESCOLA",
          "items": [
            {
              "id": 60,
              "timestamp": "05:59"
            },
            {
              "id": 62,
              "timestamp": "06:16"
            },
            {
              "id": 64,
              "timestamp": "06:39"
            },
            {
              "id": 66,
              "timestamp": "06:55"
            },
            {
              "id": 68,
              "timestamp": "07:11"
            },
            {
              "id": 70,
              "timestamp": "07:24"
            },
            {
              "id": 72,
              "timestamp": "07:35"
            },
            {
              "id": 74,
              "timestamp": "07:59"
            }
          ]
        },
        {
          "subtitle": "JUVENTUDE",
          "items": [
            {
              "id": 76,
              "timestamp": "08:12"
            },
            {
              "id": 78,
              "timestamp": "08:25"
            },
            {
              "id": 80,
              "timestamp": "08:36"
            },
            {
              "id": 82,
              "timestamp": "08:44"
            },
            {
              "id": 84,
              "timestamp": "08:58"
            },
            {
              "id": 86,
              "timestamp": "09:08"
            },
            {
              "id": 88,
              "timestamp": "09:26"
            },
            {
              "id": 90,
              "timestamp": "09:40"
            },
            {
              "id": 92,
              "timestamp": "10:01"
            },
            {
              "id": 94,
              "timestamp": "10:07"
            },
            {
              "id": 96,
              "timestamp": "10:19"
            },
            {
              "id": 98,
              "timestamp": "10:25"
            },
            {
              "id": 100,
              "timestamp": "10:33"
            },
            {
              "id": 102,
              "timestamp": "10:46"
            },
            {
              "id": 104,
              "timestamp": "10:57"
            },
            {
              "id": 106,
              "timestamp": "11:12"
            },
            {
              "id": 108,
              "timestamp": "11:22"
            },
            {
              "id": 110,
              "timestamp": "11:30"
            },
            {
              "id": 112,
              "timestamp": "11:43"
            },
            {
              "id": 114,
              "timestamp": "12:05"
            },
            {
              "id": 116,
              "timestamp": "12:12"
            },
            {
              "id": 118,
              "timestamp": "12:28"
            },
            {
              "id": 120,
              "timestamp": "12:44"
            },
            {
              "id": 122,
              "timestamp": "12:54"
            },
            {
              "id": 124,
              "timestamp": "13:01"
            },
            {
              "id": 126,
              "timestamp": "13:13"
            },
            {
              "id": 128,
              "timestamp": "13:28"
            },
            {
              "id": 130,
              "timestamp": "13:37"
            },
            {
              "id": 132,
              "timestamp": "13:52"
            },
            {
              "id": 134,
              "timestamp": "14:00"
            },
            {
              "id": 136,
              "timestamp": "14:10"
            },
            {
              "id": 138,
              "timestamp": "14:14"
            },
            {
              "id": 140,
              "timestamp": "14:24"
            },
            {
              "id": 148,
              "timestamp": "15:07"
            },
            {
              "id": 150,
              "timestamp": "15:24"
            },
            {
              "id": 152,
              "timestamp": "15:29"
            },
            {
              "id": 154,
              "timestamp": "15:41"
            },
            {
              "id": 156,
              "timestamp": "15:46"
            },
            {
              "id": 158,
              "timestamp": "15:56"
            },
            {
              "id": 160,
              "timestamp": "16:20"
            },
            {
              "id": 164,
              "timestamp": "17:01"
            },
            {
              "id": 166,
              "timestamp": "17:21"
            },
            {
              "id": 168,
              "timestamp": "17:34"
            },
            {
              "id": 170,
              "timestamp": "17:46"
            },
            {
              "id": 172,
              "timestamp": "17:52"
            },
            {
              "id": 174,
              "timestamp": "18:15"
            },
            {
              "id": 176,
              "timestamp": "18:20"
            },
            {
              "id": 178,
              "timestamp": "18:28"
            },
            {
              "id": 180,
              "timestamp": "18:51"
            },
            {
              "id": 182,
              "timestamp": "19:01"
            },
            {
              "id": 184,
              "timestamp": "19:18"
            },
            {
              "id": 186,
              "timestamp": "19:39"
            },
            {
              "id": 188,
              "timestamp": "19:48"
            },
            {
              "id": 190,
              "timestamp": "19:56"
            },
            {
              "id": 192,
              "timestamp": "20:18"
            },
            {
              "id": 194,
              "timestamp": "20:31"
            },
            {
              "id": 196,
              "timestamp": "20:48"
            },
            {
              "id": 198,
              "timestamp": "20:55"
            },
            {
              "id": 200,
              "timestamp": "21:04"
            },
            {
              "id": 202,
              "timestamp": "21:29"
            },
            {
              "id": 204,
              "timestamp": "22:16"
            },
            {
              "id": 206,
              "timestamp": "22:37"
            },
            {
              "id": 208,
              "timestamp": "23:33"
            },
            {
              "id": 210,
              "timestamp": "23:39"
            },
            {
              "id": 212,
              "timestamp": "24:06"
            },
            {
              "id": 214,
              "timestamp": "24:16"
            },
            {
              "id": 216,
              "timestamp": "24:25"
            },
            {
              "id": 218,
              "timestamp": "24:32"
            },
            {
              "id": 220,
              "timestamp": "25:04"
            },
            {
              "id": 222,
              "timestamp": "25:26"
            },
            {
              "id": 224,
              "timestamp": "25:32"
            },
            {
              "id": 226,
              "timestamp": "25:37"
            }
          ]
        }
      ]
    },
    {
      "title": "DESENVOLVIMENTO",
      "subsections": [
        {
          "subtitle": "TRABALHO/ COMÉRCIO",
          "items": [
            {
              "id": 162,
              "timestamp": "16:33"
            }
          ]
        }
      ]
    },
    {
      "title": "FINALIZAÇÃO",
      "subsections": [
        {
          "subtitle": "FINALIZAÇÃO",
          "items": [
            {
              "id": 142,
              "timestamp": "14:29"
            },
            {
              "id": 144,
              "timestamp": "14:54"
            },
            {
              "id": 146,
              "timestamp": "15:04"
            },
            {
              "id": 228,
              "timestamp": "25:58"
            },
            {
              "id": 230,
              "timestamp": "26:15"
            },
            {
              "id": 232,
              "timestamp": "26:22"
            },
            {
              "id": 234,
              "timestamp": "26:30"
            },
            {
              "id": 236,
              "timestamp": "26:46"
            },
            {
              "id": 238,
              "timestamp": "27:18"
            },
            {
              "id": 240,
              "timestamp": "27:25"
            },
            {
              "id": 242,
              "timestamp": "27:32"
            },
            {
              "id": 244,
              "timestamp": "27:55"
            },
            {
              "id": 246,
              "timestamp": "28:24"
            },
            {
              "id": 248,
              "timestamp": "28:31"
            },
            {
              "id": 250,
              "timestamp": "28:42"
            },
            {
              "id": 252,
              "timestamp": "28:54"
            },
            {
              "id": 254,
              "timestamp": "29:22"
            },
            {
              "id": 256,
              "timestamp": "29:30"
            },
            {
              "id": 258,
              "timestamp": "29:49"
            },
            {
              "id": 260,
              "timestamp": "30:04"
            },
            {
              "id": 262,
              "timestamp": "30:19"
            },
            {
              "id": 264,
              "timestamp": "30:20"
            },
            {
              "id": 266,
              "timestamp": "30:26"
            },
            {
              "id": 268,
              "timestamp": "30:34"
            },
            {
              "id": 270,
              "timestamp": "30:49"
            },
            {
              "id": 272,
              "timestamp": "30:52"
            },
            {
              "id": 274,
              "timestamp": "31:00"
            },
            {
              "id": 276,
              "timestamp": "31:04"
            },
            {
              "id": 278,
              "timestamp": "31:20"
            },
            {
              "id": 280,
              "timestamp": "31:27"
            },
            {
              "id": 282,
              "timestamp": "31:32"
            },
            {
              "id": 284,
              "timestamp": "32:03"
            },
            {
              "id": 286,
              "timestamp": "32:14"
            }
          ]
        }
      ]
    }
  ]
}