{
  "segments": [
    {
      "title": "INTRODUÇÃO",
      "subsections": [
        {
          "subtitle": "FAMÍLIA",
          "items": [
            {
              "id": 1,
              "timestamp": "04:26"
            },
            {
              "id": 3,
              "timestamp": "04:40"
            },
            {
              "id": 5,
              "timestamp": "08:36"
            },
            {
              "id": 7,
              "timestamp": "08:50"
            },
            {
              "id": 9,
              "timestamp": "10:39"
            },
            {
              "id": 11,
              "timestamp": "12:35"
            },
            {
              "id": 13,
              "timestamp": "13:26"
            },
            {
              "id": 19,
              "timestamp": "22:01"
            },
            {
              "id": 21,
              "timestamp": "24:27"
            },
            {
              "id": 23,
              "timestamp": "25:25"
            }
          ]
        },
        {
          "subtitle": "INFÂNCIA",
          "items": [
            {
              "id": 15,
              "timestamp": "16:43"
            },
            {
              "id": 17,
              "timestamp": "17:58"
            },
            {
              "id": 25,
              "timestamp": "30:35"
            },
            {
              "id": 27,
              "timestamp": "30:48"
            },
            {
              "id": 29,
              "timestamp": "40:00"
            },
            {
              "id": 31,
              "timestamp": "43:13"
            },
            {
              "id": 33,
              "timestamp": "50:08"
            },
            {
              "id": 35,
              "timestamp": "51:32"
            },
            {
              "id": 51,
              "timestamp": "67:32"
            },
            {
              "id": 53,
              "timestamp": "69:06"
            }
          ]
        },
        {
          "subtitle": "ESCOLA",
          "items": [
            {
              "id": 37,
              "timestamp": "55:58"
            },
            {
              "id": 39,
              "timestamp": "59:57"
            },
            {
              "id": 41,
              "timestamp": "63:15"
            },
            {
              "id": 43,
              "timestamp": "63:44"
            },
            {
              "id": 45,
              "timestamp": "65:41"
            },
            {
              "id": 47,
              "timestamp": "65:57"
            },
            {
              "id": 49,
              "timestamp": "66:40"
            },
            {
              "id": 55,
              "timestamp": "69:36"
            },
            {
              "id": 57,
              "timestamp": "74:00"
            },
            {
              "id": 63,
              "timestamp": "103:26"
            },
            {
              "id": 65,
              "timestamp": "110:40"
            },
            {
              "id": 67,
              "timestamp": "118:10"
            },
            {
              "id": 71,
              "timestamp": "122:41"
            },
            {
              "id": 73,
              "timestamp": "137:23"
            }
          ]
        },
        {
          "subtitle": "JUVENTUDE",
          "items": [
            {
              "id": 59,
              "timestamp": "87:58"
            },
            {
              "id": 61,
              "timestamp": "89:27"
            },
            {
              "id": 75,
              "timestamp": "145:35"
            },
            {
              "id": 99,
              "timestamp": "228:41"
            }
          ]
        }
      ]
    },
    {
      "title": "DESENVOLVIMENTO",
      "subsections": [
        {
          "subtitle": "TRABALHO/ COMÉRCIO",
          "items": [
            {
              "id": 77,
              "timestamp": "152:55"
            },
            {
              "id": 79,
              "timestamp": "153:31"
            },
            {
              "id": 81,
              "timestamp": "161:41"
            },
            {
              "id": 83,
              "timestamp": "165:58"
            },
            {
              "id": 85,
              "timestamp": "172:38"
            },
            {
              "id": 87,
              "timestamp": "178:10"
            },
            {
              "id": 89,
              "timestamp": "182:51"
            },
            {
              "id": 91,
              "timestamp": "186:58"
            },
            {
              "id": 93,
              "timestamp": "201:18"
            },
            {
              "id": 95,
              "timestamp": "205:19"
            },
            {
              "id": 97,
              "timestamp": "215:34"
            }
          ]
        }
      ]
    },
    {
      "title": "FINALIZAÇÃO",
      "subsections": [
        {
          "subtitle": "CONSIDERAÇÕES FINAIS",
          "items": [
            {
              "id": 101,
              "timestamp": "237:03"
            }
          ]
        }
      ]
    }
  ]
}