{
  "segments": [
    {
      "title": "INTRODUÇÃO",
      "subsections": [
        {
          "subtitle": "IDENTIFICAÇÃO",
          "items": [
            {
              "id": 1,
              "timestamp": "00:45"
            },
            {
              "id": 21,
              "timestamp": "11:32"
            },
            {
              "id": 23,
              "timestamp": "11:35"
            }
          ]
        },
        {
          "subtitle": "FAMÍLIA",
          "items": [
            {
              "id": 3,
              "timestamp": "01:38"
            },
            {
              "id": 5,
              "timestamp": "04:11"
            },
            {
              "id": 7,
              "timestamp": "05:12"
            },
            {
              "id": 9,
              "timestamp": "05:49"
            },
            {
              "id": 11,
              "timestamp": "05:53"
            },
            {
              "id": 13,
              "timestamp": "06:52"
            },
            {
              "id": 15,
              "timestamp": "08:57"
            },
            {
              "id": 17,
              "timestamp": "09:01"
            },
            {
              "id": 19,
              "timestamp": "10:00"
            },
            {
              "id": 39,
              "timestamp": "17:29"
            },
            {
              "id": 41,
              "timestamp": "17:40"
            },
            {
              "id": 43,
              "timestamp": "18:20"
            },
            {
              "id": 45,
              "timestamp": "19:30"
            },
            {
              "id": 47,
              "timestamp": "19:41"
            }
          ]
        },
        {
          "subtitle": "INFÂNCIA",
          "items": [
            {
              "id": 25,
              "timestamp": "12:04"
            },
            {
              "id": 27,
              "timestamp": "12:18"
            },
            {
              "id": 35,
              "timestamp": "14:37"
            },
            {
              "id": 37,
              "timestamp": "16:52"
            }
          ]
        },
        {
          "subtitle": "ESCOLA",
          "items": [
            {
              "id": 29,
              "timestamp": "12:52"
            },
            {
              "id": 31,
              "timestamp": "13:17"
            },
            {
              "id": 33,
              "timestamp": "13:31"
            },
            {
              "id": 49,
              "timestamp": "24:31"
            },
            {
              "id": 51,
              "timestamp": "26:40"
            },
            {
              "id": 83,
              "timestamp": "87:26"
            },
            {
              "id": 85,
              "timestamp": "87:37"
            },
            {
              "id": 87,
              "timestamp": "87:39"
            }
          ]
        },
        {
          "subtitle": "JUVENTUDE",
          "items": [
            {
              "id": 81,
              "timestamp": "85:59"
            },
            {
              "id": 89,
              "timestamp": "88:42"
            },
            {
              "id": 91,
              "timestamp": "88:49"
            }
          ]
        }
      ]
    },
    {
      "title": "DESENVOLVIMENTO",
      "subsections": [
        {
          "subtitle": "TRABALHO/ COMÉRCIO",
          "items": [
            {
              "id": 53,
              "timestamp": "27:26"
            },
            {
              "id": 55,
              "timestamp": "27:30"
            },
            {
              "id": 57,
              "timestamp": "28:34"
            },
            {
              "id": 59,
              "timestamp": "28:41"
            },
            {
              "id": 61,
              "timestamp": "32:35"
            },
            {
              "id": 63,
              "timestamp": "39:27"
            },
            {
              "id": 65,
              "timestamp": "39:34"
            },
            {
              "id": 67,
              "timestamp": "39:39"
            },
            {
              "id": 69,
              "timestamp": "45:21"
            },
            {
              "id": 71,
              "timestamp": "47:14"
            },
            {
              "id": 73,
              "timestamp": "47:17"
            },
            {
              "id": 75,
              "timestamp": "48:50"
            },
            {
              "id": 77,
              "timestamp": "59:10"
            }
          ]
        }
      ]
    },
    {
      "title": "FINALIZAÇÃO",
      "subsections": [
        {
          "subtitle": "FINALIZAÇÃO",
          "items": [
            {
              "id": 79,
              "timestamp": "78:26"
            },
            {
              "id": 93,
              "timestamp": "91:16"
            },
            {
              "id": 95,
              "timestamp": "95:57"
            },
            {
              "id": 97,
              "timestamp": "96:07"
            },
            {
              "id": 99,
              "timestamp": "98:50"
            },
            {
              "id": 101,
              "timestamp": "100:28"
            },
            {
              "id": 103,
              "timestamp": "100:34"
            },
            {
              "id": 105,
              "timestamp": "101:52"
            }
          ]
        }
      ]
    }
  ]
}