{
  "segments": [
    {
      "title": "INTRODUÇÃO",
      "subsections": [
        {
          "subtitle": "IDENTIFICAÇÃO",
          "items": [
            {
              "id": 0,
              "timestamp": "00:14"
            },
            {
              "id": 2,
              "timestamp": "00:30"
            },
            {
              "id": 8,
              "timestamp": "03:14"
            }
          ]
        },
        {
          "subtitle": "FAMÍLIA",
          "items": [
            {
              "id": 4,
              "timestamp": "00:51"
            },
            {
              "id": 6,
              "timestamp": "01:32"
            }
          ]
        },
        {
          "subtitle": "INFÂNCIA",
          "items": [
            {
              "id": 10,
              "timestamp": "03:51"
            },
            {
              "id": 12,
              "timestamp": "04:37"
            },
            {
              "id": 14,
              "timestamp": "05:56"
            },
            {
              "id": 30,
              "timestamp": "14:16"
            }
          ]
        },
        {
          "subtitle": "ESCOLA",
          "items": [
            {
              "id": 16,
              "timestamp": "07:38"
            },
            {
              "id": 18,
              "timestamp": "08:39"
            },
            {
              "id": 20,
              "timestamp": "08:58"
            },
            {
              "id": 22,
              "timestamp": "09:36"
            },
            {
              "id": 24,
              "timestamp": "10:17"
            },
            {
              "id": 26,
              "timestamp": "11:30"
            },
            {
              "id": 28,
              "timestamp": "13:12"
            },
            {
              "id": 32,
              "timestamp": "14:57"
            },
            {
              "id": 42,
              "timestamp": "29:19"
            },
            {
              "id": 48,
              "timestamp": "32:08"
            },
            {
              "id": 62,
              "timestamp": "54:29"
            },
            {
              "id": 66,
              "timestamp": "67:14"
            },
            {
              "id": 68,
              "timestamp": "72:08"
            },
            {
              "id": 70,
              "timestamp": "74:54"
            }
          ]
        },
        {
          "subtitle": "JUVENTUDE",
          "items": [
            {
              "id": 34,
              "timestamp": "18:20"
            },
            {
              "id": 36,
              "timestamp": "23:25"
            },
            {
              "id": 38,
              "timestamp": "27:04"
            },
            {
              "id": 40,
              "timestamp": "27:41"
            },
            {
              "id": 50,
              "timestamp": "33:06"
            }
          ]
        }
      ]
    },
    {
      "title": "DESENVOLVIMENTO",
      "subsections": [
        {
          "subtitle": "TRABALHO/ COMÉRCIO",
          "items": [
            {
              "id": 44,
              "timestamp": "30:29"
            },
            {
              "id": 46,
              "timestamp": "30:59"
            },
            {
              "id": 52,
              "timestamp": "36:27"
            },
            {
              "id": 54,
              "timestamp": "37:21"
            },
            {
              "id": 56,
              "timestamp": "39:13"
            },
            {
              "id": 58,
              "timestamp": "43:27"
            },
            {
              "id": 60,
              "timestamp": "46:10"
            },
            {
              "id": 64,
              "timestamp": "57:28"
            },
            {
              "id": 72,
              "timestamp": "76:09"
            },
            {
              "id": 74,
              "timestamp": "80:21"
            },
            {
              "id": 76,
              "timestamp": "82:48"
            },
            {
              "id": 78,
              "timestamp": "91:12"
            },
            {
              "id": 80,
              "timestamp": "93:42"
            },
            {
              "id": 82,
              "timestamp": "94:39"
            }
          ]
        }
      ]
    },
    {
      "title": "FINALIZAÇÃO",
      "subsections": [
        {
          "subtitle": "CONSIDERAÇÕES FINAIS",
          "items": [
            {
              "id": 84,
              "timestamp": "96:52"
            },
            {
              "id": 86,
              "timestamp": "99:33"
            },
            {
              "id": 88,
              "timestamp": "100:23"
            },
            {
              "id": 90,
              "timestamp": "101:25"
            },
            {
              "id": 92,
              "timestamp": "103:05"
            }
          ]
        }
      ]
    }
  ]
}