{
  "segments": [
    {
      "title": "INTRODUÇÃO",
      "subsections": [
        {
          "subtitle": "IDENTIFICAÇÃO",
          "items": [
            {
              "id": 0,
              "timestamp": "00:49"
            },
            {
              "id": 2,
              "timestamp": "07:38"
            },
            {
              "id": 4,
              "timestamp": "10:31"
            },
            {
              "id": 6,
              "timestamp": "15:43"
            }
          ]
        },
        {
          "subtitle": "JUVENTUDE",
          "items": [
            {
              "id": 10,
              "timestamp": "34:08"
            },
            {
              "id": 12,
              "timestamp": "35:01"
            },
            {
              "id": 14,
              "timestamp": "37:11"
            },
            {
              "id": 16,
              "timestamp": "38:04"
            },
            {
              "id": 18,
              "timestamp": "40:09"
            },
            {
              "id": 20,
              "timestamp": "43:16"
            },
            {
              "id": 22,
              "timestamp": "45:40"
            },
            {
              "id": 24,
              "timestamp": "52:14"
            },
            {
              "id": 26,
              "timestamp": "54:51"
            },
            {
              "id": 28,
              "timestamp": "62:04"
            },
            {
              "id": 30,
              "timestamp": "62:13"
            }
          ]
        }
      ]
    },
    {
      "title": "DESENVOLVIMENTO",
      "subsections": [
        {
          "subtitle": "TRABALHO/ COMÉRCIO",
          "items": [
            {
              "id": 8,
              "timestamp": "16:39"
            }
          ]
        }
      ]
    },
    {
      "title": "FINALIZAÇÃO",
      "subsections": [
        {
          "subtitle": "CONSIDERAÇÕES FINAIS",
          "items": [
            {
              "id": 32,
              "timestamp": "74:31"
            },
            {
              "id": 34,
              "timestamp": "75:46"
            },
            {
              "id": 36,
              "timestamp": "82:42"
            },
            {
              "id": 38,
              "timestamp": "89:10"
            },
            {
              "id": 40,
              "timestamp": "90:08"
            },
            {
              "id": 42,
              "timestamp": "94:12"
            },
            {
              "id": 44,
              "timestamp": "96:13"
            }
          ]
        }
      ]
    }
  ]
}