{
  "segments": [
    {
      "title": "INTRODUÇÃO",
      "subsections": [
        {
          "subtitle": "IDENTIFICAÇÃO",
          "items": [
            {
              "id": 0,
              "timestamp": "00:38"
            },
            {
              "id": 2,
              "timestamp": "00:55"
            },
            {
              "id": 4,
              "timestamp": "01:02"
            },
            {
              "id": 10,
              "timestamp": "02:09"
            }
          ]
        },
        {
          "subtitle": "FAMÍLIA",
          "items": [
            {
              "id": 6,
              "timestamp": "01:38"
            },
            {
              "id": 8,
              "timestamp": "01:47"
            }
          ]
        },
        {
          "subtitle": "INFÂNCIA",
          "items": [
            {
              "id": 12,
              "timestamp": "02:25"
            },
            {
              "id": 14,
              "timestamp": "03:43"
            },
            {
              "id": 24,
              "timestamp": "10:44"
            },
            {
              "id": 26,
              "timestamp": "12:10"
            },
            {
              "id": 28,
              "timestamp": "17:02"
            },
            {
              "id": 30,
              "timestamp": "18:56"
            },
            {
              "id": 32,
              "timestamp": "19:54"
            },
            {
              "id": 34,
              "timestamp": "21:30"
            },
            {
              "id": 36,
              "timestamp": "22:08"
            }
          ]
        },
        {
          "subtitle": "ESCOLA",
          "items": [
            {
              "id": 16,
              "timestamp": "04:36"
            },
            {
              "id": 18,
              "timestamp": "07:07"
            },
            {
              "id": 20,
              "timestamp": "07:22"
            },
            {
              "id": 22,
              "timestamp": "08:41"
            },
            {
              "id": 46,
              "timestamp": "34:56"
            },
            {
              "id": 48,
              "timestamp": "35:29"
            },
            {
              "id": 68,
              "timestamp": "56:52"
            },
            {
              "id": 76,
              "timestamp": "81:09"
            },
            {
              "id": 78,
              "timestamp": "81:24"
            }
          ]
        },
        {
          "subtitle": "JUVENTUDE",
          "items": [
            {
              "id": 38,
              "timestamp": "22:32"
            },
            {
              "id": 56,
              "timestamp": "45:17"
            },
            {
              "id": 58,
              "timestamp": "46:37"
            },
            {
              "id": 60,
              "timestamp": "48:31"
            },
            {
              "id": 62,
              "timestamp": "49:47"
            },
            {
              "id": 64,
              "timestamp": "52:57"
            },
            {
              "id": 66,
              "timestamp": "55:42"
            }
          ]
        }
      ]
    },
    {
      "title": "DESENVOLVIMENTO",
      "subsections": [
        {
          "subtitle": "TRABALHO/ COMÉRCIO",
          "items": [
            {
              "id": 40,
              "timestamp": "23:36"
            },
            {
              "id": 42,
              "timestamp": "27:54"
            },
            {
              "id": 44,
              "timestamp": "29:26"
            },
            {
              "id": 50,
              "timestamp": "35:36"
            },
            {
              "id": 52,
              "timestamp": "39:11"
            },
            {
              "id": 54,
              "timestamp": "41:02"
            },
            {
              "id": 70,
              "timestamp": "64:02"
            },
            {
              "id": 72,
              "timestamp": "69:28"
            }
          ]
        }
      ]
    },
    {
      "title": "FINALIZAÇÃO",
      "subsections": [
        {
          "subtitle": "FINALIZAÇÃO",
          "items": [
            {
              "id": 74,
              "timestamp": "74:50"
            },
            {
              "id": 80,
              "timestamp": "89:10"
            },
            {
              "id": 82,
              "timestamp": "93:45"
            },
            {
              "id": 84,
              "timestamp": "103:17"
            },
            {
              "id": 86,
              "timestamp": "111:07"
            },
            {
              "id": 88,
              "timestamp": "111:12"
            },
            {
              "id": 90,
              "timestamp": "115:19"
            }
          ]
        }
      ]
    }
  ]
}