{
  "segments": [
    {
      "title": "INTRODUÇÃO",
      "subsections": [
        {
          "subtitle": "IDENTIFICAÇÃO",
          "items": [
            {
              "id": 1,
              "timestamp": "00:39"
            },
            {
              "id": 3,
              "timestamp": "00:46"
            }
          ]
        },
        {
          "subtitle": "FAMÍLIA",
          "items": [
            {
              "id": 5,
              "timestamp": "08:22"
            },
            {
              "id": 7,
              "timestamp": "09:16"
            }
          ]
        },
        {
          "subtitle": "INFÂNCIA",
          "items": [
            {
              "id": 9,
              "timestamp": "12:34"
            },
            {
              "id": 11,
              "timestamp": "17:26"
            },
            {
              "id": 13,
              "timestamp": "25:59"
            },
            {
              "id": 15,
              "timestamp": "26:06"
            },
            {
              "id": 47,
              "timestamp": "102:21"
            }
          ]
        },
        {
          "subtitle": "ESCOLA",
          "items": [
            {
              "id": 17,
              "timestamp": "33:42"
            },
            {
              "id": 19,
              "timestamp": "34:58"
            },
            {
              "id": 21,
              "timestamp": "40:17"
            },
            {
              "id": 23,
              "timestamp": "40:25"
            }
          ]
        },
        {
          "subtitle": "JUVENTUDE",
          "items": [
            {
              "id": 25,
              "timestamp": "48:29"
            }
          ]
        }
      ]
    },
    {
      "title": "DESENVOLVIMENTO",
      "subsections": [
        {
          "subtitle": "TRABALHO/ COMÉRCIO",
          "items": [
            {
              "id": 27,
              "timestamp": "65:35"
            },
            {
              "id": 29,
              "timestamp": "65:42"
            },
            {
              "id": 31,
              "timestamp": "72:14"
            },
            {
              "id": 33,
              "timestamp": "80:26"
            }
          ]
        }
      ]
    },
    {
      "title": "FINALIZAÇÃO",
      "subsections": [
        {
          "subtitle": "FINALIZAÇÃO",
          "items": [
            {
              "id": 35,
              "timestamp": "91:25"
            },
            {
              "id": 37,
              "timestamp": "97:51"
            },
            {
              "id": 39,
              "timestamp": "100:10"
            },
            {
              "id": 41,
              "timestamp": "100:15"
            },
            {
              "id": 43,
              "timestamp": "100:23"
            },
            {
              "id": 45,
              "timestamp": "100:28"
            },
            {
              "id": 49,
              "timestamp": "105:04"
            },
            {
              "id": 51,
              "timestamp": "105:21"
            },
            {
              "id": 53,
              "timestamp": "106:16"
            },
            {
              "id": 55,
              "timestamp": "111:47"
            },
            {
              "id": 57,
              "timestamp": "116:01"
            }
          ]
        }
      ]
    }
  ]
}