{
  "segments": [
    {
      "title": "INTRODUÇÃO",
      "subsections": [
        {
          "subtitle": "IDENTIFICAÇÃO",
          "items": [
            {
              "id": 0,
              "timestamp": "00:34"
            },
            {
              "id": 6,
              "timestamp": "02:27"
            },
            {
              "id": 8,
              "timestamp": "02:40"
            },
            {
              "id": 10,
              "timestamp": "02:49"
            }
          ]
        },
        {
          "subtitle": "FAMÍLIA",
          "items": [
            {
              "id": 4,
              "timestamp": "01:29"
            },
            {
              "id": 26,
              "timestamp": "06:51"
            },
            {
              "id": 28,
              "timestamp": "07:24"
            },
            {
              "id": 30,
              "timestamp": "07:34"
            }
          ]
        },
        {
          "subtitle": "INFÂNCIA",
          "items": [
            {
              "id": 12,
              "timestamp": "03:25"
            },
            {
              "id": 14,
              "timestamp": "03:35"
            },
            {
              "id": 16,
              "timestamp": "04:20"
            },
            {
              "id": 18,
              "timestamp": "04:47"
            },
            {
              "id": 20,
              "timestamp": "04:57"
            },
            {
              "id": 22,
              "timestamp": "05:21"
            },
            {
              "id": 24,
              "timestamp": "05:24"
            },
            {
              "id": 32,
              "timestamp": "08:27"
            },
            {
              "id": 34,
              "timestamp": "08:51"
            },
            {
              "id": 36,
              "timestamp": "09:12"
            },
            {
              "id": 38,
              "timestamp": "09:15"
            },
            {
              "id": 40,
              "timestamp": "09:27"
            },
            {
              "id": 42,
              "timestamp": "09:48"
            },
            {
              "id": 56,
              "timestamp": "11:14"
            },
            {
              "id": 58,
              "timestamp": "11:27"
            },
            {
              "id": 60,
              "timestamp": "12:16"
            },
            {
              "id": 62,
              "timestamp": "13:02"
            },
            {
              "id": 64,
              "timestamp": "13:38"
            }
          ]
        },
        {
          "subtitle": "ESCOLA",
          "items": [
            {
              "id": 44,
              "timestamp": "09:54"
            },
            {
              "id": 46,
              "timestamp": "10:12"
            },
            {
              "id": 48,
              "timestamp": "10:15"
            },
            {
              "id": 50,
              "timestamp": "10:20"
            },
            {
              "id": 52,
              "timestamp": "10:24"
            },
            {
              "id": 54,
              "timestamp": "10:43"
            },
            {
              "id": 70,
              "timestamp": "15:16"
            },
            {
              "id": 104,
              "timestamp": "21:45"
            },
            {
              "id": 106,
              "timestamp": "22:10"
            },
            {
              "id": 109,
              "timestamp": "22:43"
            },
            {
              "id": 111,
              "timestamp": "23:15"
            },
            {
              "id": 113,
              "timestamp": "24:19"
            },
            {
              "id": 115,
              "timestamp": "24:35"
            },
            {
              "id": 117,
              "timestamp": "24:38"
            }
          ]
        },
        {
          "subtitle": "JUVENTUDE",
          "items": [
            {
              "id": 66,
              "timestamp": "14:10"
            },
            {
              "id": 68,
              "timestamp": "14:41"
            },
            {
              "id": 72,
              "timestamp": "15:58"
            },
            {
              "id": 74,
              "timestamp": "16:29"
            },
            {
              "id": 76,
              "timestamp": "17:01"
            },
            {
              "id": 78,
              "timestamp": "17:08"
            },
            {
              "id": 80,
              "timestamp": "17:15"
            },
            {
              "id": 82,
              "timestamp": "17:29"
            },
            {
              "id": 84,
              "timestamp": "18:03"
            },
            {
              "id": 86,
              "timestamp": "18:11"
            },
            {
              "id": 88,
              "timestamp": "18:49"
            },
            {
              "id": 90,
              "timestamp": "19:06"
            },
            {
              "id": 119,
              "timestamp": "25:16"
            },
            {
              "id": 121,
              "timestamp": "25:27"
            },
            {
              "id": 123,
              "timestamp": "25:50"
            },
            {
              "id": 125,
              "timestamp": "26:03"
            },
            {
              "id": 127,
              "timestamp": "26:39"
            },
            {
              "id": 129,
              "timestamp": "27:02"
            },
            {
              "id": 131,
              "timestamp": "27:32"
            },
            {
              "id": 133,
              "timestamp": "27:52"
            },
            {
              "id": 135,
              "timestamp": "28:28"
            },
            {
              "id": 137,
              "timestamp": "28:39"
            },
            {
              "id": 139,
              "timestamp": "30:39"
            },
            {
              "id": 141,
              "timestamp": "31:39"
            },
            {
              "id": 143,
              "timestamp": "32:00"
            },
            {
              "id": 145,
              "timestamp": "32:47"
            },
            {
              "id": 147,
              "timestamp": "33:39"
            },
            {
              "id": 149,
              "timestamp": "33:55"
            },
            {
              "id": 151,
              "timestamp": "34:15"
            },
            {
              "id": 153,
              "timestamp": "34:33"
            },
            {
              "id": 167,
              "timestamp": "36:31"
            },
            {
              "id": 169,
              "timestamp": "36:53"
            },
            {
              "id": 171,
              "timestamp": "38:55"
            },
            {
              "id": 173,
              "timestamp": "38:59"
            },
            {
              "id": 175,
              "timestamp": "39:11"
            },
            {
              "id": 177,
              "timestamp": "39:24"
            },
            {
              "id": 179,
              "timestamp": "41:16"
            },
            {
              "id": 181,
              "timestamp": "41:29"
            },
            {
              "id": 183,
              "timestamp": "42:07"
            },
            {
              "id": 185,
              "timestamp": "42:12"
            },
            {
              "id": 187,
              "timestamp": "42:45"
            },
            {
              "id": 189,
              "timestamp": "43:18"
            },
            {
              "id": 191,
              "timestamp": "44:00"
            },
            {
              "id": 193,
              "timestamp": "44:07"
            },
            {
              "id": 195,
              "timestamp": "44:49"
            },
            {
              "id": 197,
              "timestamp": "45:01"
            }
          ]
        }
      ]
    },
    {
      "title": "DESENVOLVIMENTO",
      "subsections": [
        {
          "subtitle": "TRABALHO/ COMÉRCIO",
          "items": [
            {
              "id": 92,
              "timestamp": "19:32"
            },
            {
              "id": 94,
              "timestamp": "19:48"
            },
            {
              "id": 96,
              "timestamp": "20:26"
            },
            {
              "id": 98,
              "timestamp": "20:32"
            },
            {
              "id": 100,
              "timestamp": "20:56"
            },
            {
              "id": 102,
              "timestamp": "21:34"
            },
            {
              "id": 155,
              "timestamp": "34:56"
            },
            {
              "id": 157,
              "timestamp": "35:07"
            },
            {
              "id": 159,
              "timestamp": "35:22"
            },
            {
              "id": 161,
              "timestamp": "35:24"
            },
            {
              "id": 163,
              "timestamp": "35:59"
            },
            {
              "id": 165,
              "timestamp": "36:04"
            },
            {
              "id": 199,
              "timestamp": "45:47"
            },
            {
              "id": 201,
              "timestamp": "46:25"
            },
            {
              "id": 203,
              "timestamp": "46:58"
            },
            {
              "id": 205,
              "timestamp": "47:04"
            },
            {
              "id": 207,
              "timestamp": "47:44"
            },
            {
              "id": 209,
              "timestamp": "47:59"
            },
            {
              "id": 211,
              "timestamp": "49:05"
            },
            {
              "id": 213,
              "timestamp": "49:23"
            },
            {
              "id": 215,
              "timestamp": "49:38"
            },
            {
              "id": 217,
              "timestamp": "49:42"
            },
            {
              "id": 219,
              "timestamp": "50:32"
            },
            {
              "id": 221,
              "timestamp": "51:24"
            },
            {
              "id": 223,
              "timestamp": "53:56"
            },
            {
              "id": 225,
              "timestamp": "54:00"
            },
            {
              "id": 227,
              "timestamp": "55:56"
            },
            {
              "id": 229,
              "timestamp": "56:08"
            },
            {
              "id": 231,
              "timestamp": "57:52"
            },
            {
              "id": 233,
              "timestamp": "58:33"
            },
            {
              "id": 235,
              "timestamp": "60:15"
            },
            {
              "id": 237,
              "timestamp": "61:17"
            },
            {
              "id": 239,
              "timestamp": "61:38"
            },
            {
              "id": 241,
              "timestamp": "62:03"
            },
            {
              "id": 243,
              "timestamp": "62:12"
            },
            {
              "id": 245,
              "timestamp": "62:40"
            },
            {
              "id": 247,
              "timestamp": "63:30"
            },
            {
              "id": 249,
              "timestamp": "63:37"
            },
            {
              "id": 251,
              "timestamp": "64:04"
            },
            {
              "id": 253,
              "timestamp": "64:34"
            },
            {
              "id": 255,
              "timestamp": "66:53"
            },
            {
              "id": 257,
              "timestamp": "67:10"
            },
            {
              "id": 259,
              "timestamp": "67:15"
            },
            {
              "id": 261,
              "timestamp": "69:08"
            },
            {
              "id": 263,
              "timestamp": "70:11"
            },
            {
              "id": 265,
              "timestamp": "70:43"
            },
            {
              "id": 267,
              "timestamp": "70:55"
            },
            {
              "id": 269,
              "timestamp": "72:28"
            },
            {
              "id": 271,
              "timestamp": "72:36"
            },
            {
              "id": 273,
              "timestamp": "73:02"
            },
            {
              "id": 277,
              "timestamp": "74:12"
            },
            {
              "id": 279,
              "timestamp": "74:17"
            },
            {
              "id": 281,
              "timestamp": "74:29"
            },
            {
              "id": 283,
              "timestamp": "74:41"
            },
            {
              "id": 285,
              "timestamp": "75:30"
            },
            {
              "id": 287,
              "timestamp": "75:39"
            }
          ]
        }
      ]
    },
    {
      "title": "FINALIZAÇÃO",
      "subsections": [
        {
          "subtitle": "FINALIZAÇÃO",
          "items": [
            {
              "id": 289,
              "timestamp": "75:59"
            },
            {
              "id": 291,
              "timestamp": "76:21"
            },
            {
              "id": 293,
              "timestamp": "79:30"
            },
            {
              "id": 295,
              "timestamp": "80:03"
            },
            {
              "id": 297,
              "timestamp": "80:57"
            },
            {
              "id": 299,
              "timestamp": "81:18"
            },
            {
              "id": 301,
              "timestamp": "81:24"
            },
            {
              "id": 303,
              "timestamp": "81:40"
            },
            {
              "id": 305,
              "timestamp": "81:47"
            },
            {
              "id": 307,
              "timestamp": "82:21"
            },
            {
              "id": 309,
              "timestamp": "83:04"
            },
            {
              "id": 311,
              "timestamp": "84:49"
            },
            {
              "id": 313,
              "timestamp": "85:20"
            }
          ]
        }
      ]
    }
  ]
}