{
  "segments": [
    {
      "title": "INTRODUÇÃO",
      "subsections": [
        {
          "subtitle": "IDENTIFICAÇÃO",
          "items": [
            {
              "id": 0,
              "timestamp": "00:23"
            },
            {
              "id": 2,
              "timestamp": "00:59"
            },
            {
              "id": 4,
              "timestamp": "02:32"
            }
          ]
        },
        {
          "subtitle": "FAMÍLIA",
          "items": [
            {
              "id": 74,
              "timestamp": "37:00"
            },
            {
              "id": 76,
              "timestamp": "37:07"
            },
            {
              "id": 78,
              "timestamp": "39:51"
            },
            {
              "id": 80,
              "timestamp": "43:05"
            },
            {
              "id": 82,
              "timestamp": "44:34"
            }
          ]
        },
        {
          "subtitle": "INFÂNCIA",
          "items": [
            {
              "id": 6,
              "timestamp": "04:40"
            },
            {
              "id": 8,
              "timestamp": "04:43"
            },
            {
              "id": 10,
              "timestamp": "06:52"
            },
            {
              "id": 12,
              "timestamp": "07:17"
            },
            {
              "id": 14,
              "timestamp": "07:34"
            },
            {
              "id": 16,
              "timestamp": "08:47"
            },
            {
              "id": 18,
              "timestamp": "09:00"
            },
            {
              "id": 20,
              "timestamp": "11:05"
            }
          ]
        }
      ]
    },
    {
      "title": "DESENVOLVIMENTO",
      "subsections": [
        {
          "subtitle": "TRABALHO/ COMÉRCIO",
          "items": [
            {
              "id": 24,
              "timestamp": "12:56"
            },
            {
              "id": 28,
              "timestamp": "14:36"
            },
            {
              "id": 30,
              "timestamp": "14:54"
            },
            {
              "id": 32,
              "timestamp": "15:00"
            },
            {
              "id": 34,
              "timestamp": "18:07"
            },
            {
              "id": 36,
              "timestamp": "21:21"
            },
            {
              "id": 38,
              "timestamp": "22:14"
            },
            {
              "id": 40,
              "timestamp": "22:37"
            },
            {
              "id": 42,
              "timestamp": "22:56"
            },
            {
              "id": 44,
              "timestamp": "25:54"
            },
            {
              "id": 46,
              "timestamp": "25:57"
            },
            {
              "id": 48,
              "timestamp": "26:28"
            },
            {
              "id": 50,
              "timestamp": "26:46"
            },
            {
              "id": 52,
              "timestamp": "26:53"
            },
            {
              "id": 54,
              "timestamp": "28:51"
            },
            {
              "id": 56,
              "timestamp": "29:12"
            },
            {
              "id": 58,
              "timestamp": "29:20"
            },
            {
              "id": 60,
              "timestamp": "30:00"
            },
            {
              "id": 62,
              "timestamp": "30:27"
            },
            {
              "id": 64,
              "timestamp": "31:27"
            }
          ]
        }
      ]
    },
    {
      "title": "FINALIZAÇÃO",
      "subsections": [
        {
          "subtitle": "FINALIZAÇÃO",
          "items": [
            {
              "id": 66,
              "timestamp": "32:18"
            },
            {
              "id": 70,
              "timestamp": "34:01"
            },
            {
              "id": 72,
              "timestamp": "34:12"
            }
          ]
        }
      ]
    }
  ]
}