{
  "segments": [
    {
      "title": "INTRODUÇÃO",
      "subsections": [
        {
          "subtitle": "IDENTIFICAÇÃO",
          "items": [
            {
              "id": 0,
              "timestamp": "00:01"
            }
          ]
        },
        {
          "subtitle": "FAMÍLIA",
          "items": [
            {
              "id": 2,
              "timestamp": "01:12"
            },
            {
              "id": 4,
              "timestamp": "01:22"
            },
            {
              "id": 6,
              "timestamp": "01:29"
            },
            {
              "id": 8,
              "timestamp": "01:59"
            },
            {
              "id": 10,
              "timestamp": "02:28"
            },
            {
              "id": 12,
              "timestamp": "02:51"
            },
            {
              "id": 14,
              "timestamp": "03:24"
            },
            {
              "id": 16,
              "timestamp": "03:48"
            },
            {
              "id": 18,
              "timestamp": "03:55"
            },
            {
              "id": 20,
              "timestamp": "04:07"
            },
            {
              "id": 22,
              "timestamp": "04:12"
            },
            {
              "id": 24,
              "timestamp": "04:19"
            },
            {
              "id": 26,
              "timestamp": "04:31"
            },
            {
              "id": 28,
              "timestamp": "04:55"
            },
            {
              "id": 168,
              "timestamp": "44:19"
            }
          ]
        },
        {
          "subtitle": "INFÂNCIA",
          "items": [
            {
              "id": 30,
              "timestamp": "05:16"
            },
            {
              "id": 32,
              "timestamp": "05:50"
            },
            {
              "id": 34,
              "timestamp": "06:13"
            },
            {
              "id": 36,
              "timestamp": "06:24"
            },
            {
              "id": 38,
              "timestamp": "06:30"
            },
            {
              "id": 40,
              "timestamp": "07:27"
            },
            {
              "id": 42,
              "timestamp": "08:10"
            },
            {
              "id": 44,
              "timestamp": "08:34"
            },
            {
              "id": 46,
              "timestamp": "08:46"
            },
            {
              "id": 48,
              "timestamp": "09:08"
            },
            {
              "id": 50,
              "timestamp": "09:29"
            },
            {
              "id": 52,
              "timestamp": "09:37"
            },
            {
              "id": 54,
              "timestamp": "09:41"
            },
            {
              "id": 56,
              "timestamp": "10:10"
            },
            {
              "id": 58,
              "timestamp": "10:55"
            },
            {
              "id": 60,
              "timestamp": "11:04"
            },
            {
              "id": 62,
              "timestamp": "11:34"
            },
            {
              "id": 64,
              "timestamp": "12:02"
            },
            {
              "id": 66,
              "timestamp": "12:27"
            }
          ]
        },
        {
          "subtitle": "ESCOLA",
          "items": [
            {
              "id": 68,
              "timestamp": "12:54"
            },
            {
              "id": 70,
              "timestamp": "13:12"
            },
            {
              "id": 72,
              "timestamp": "13:29"
            },
            {
              "id": 74,
              "timestamp": "13:53"
            },
            {
              "id": 76,
              "timestamp": "14:26"
            },
            {
              "id": 78,
              "timestamp": "15:02"
            },
            {
              "id": 80,
              "timestamp": "15:19"
            },
            {
              "id": 82,
              "timestamp": "15:58"
            },
            {
              "id": 84,
              "timestamp": "16:22"
            },
            {
              "id": 86,
              "timestamp": "17:01"
            },
            {
              "id": 88,
              "timestamp": "17:14"
            },
            {
              "id": 90,
              "timestamp": "17:36"
            },
            {
              "id": 92,
              "timestamp": "17:56"
            },
            {
              "id": 94,
              "timestamp": "18:45"
            },
            {
              "id": 96,
              "timestamp": "19:11"
            },
            {
              "id": 98,
              "timestamp": "19:29"
            },
            {
              "id": 100,
              "timestamp": "20:27"
            },
            {
              "id": 102,
              "timestamp": "20:36"
            },
            {
              "id": 104,
              "timestamp": "20:52"
            },
            {
              "id": 106,
              "timestamp": "21:05"
            },
            {
              "id": 108,
              "timestamp": "21:18"
            },
            {
              "id": 110,
              "timestamp": "21:55"
            },
            {
              "id": 112,
              "timestamp": "22:28"
            },
            {
              "id": 114,
              "timestamp": "23:01"
            },
            {
              "id": 116,
              "timestamp": "23:24"
            },
            {
              "id": 118,
              "timestamp": "23:48"
            },
            {
              "id": 120,
              "timestamp": "24:21"
            },
            {
              "id": 122,
              "timestamp": "24:50"
            },
            {
              "id": 124,
              "timestamp": "25:20"
            },
            {
              "id": 126,
              "timestamp": "25:24"
            },
            {
              "id": 128,
              "timestamp": "26:17"
            },
            {
              "id": 150,
              "timestamp": "38:50"
            },
            {
              "id": 164,
              "timestamp": "43:34"
            },
            {
              "id": 170,
              "timestamp": "44:51"
            },
            {
              "id": 172,
              "timestamp": "45:17"
            },
            {
              "id": 174,
              "timestamp": "45:50"
            },
            {
              "id": 176,
              "timestamp": "45:59"
            },
            {
              "id": 178,
              "timestamp": "46:37"
            },
            {
              "id": 192,
              "timestamp": "50:55"
            },
            {
              "id": 226,
              "timestamp": "61:12"
            },
            {
              "id": 234,
              "timestamp": "63:41"
            },
            {
              "id": 236,
              "timestamp": "66:37"
            },
            {
              "id": 238,
              "timestamp": "67:30"
            },
            {
              "id": 240,
              "timestamp": "67:38"
            }
          ]
        },
        {
          "subtitle": "JUVENTUDE",
          "items": [
            {
              "id": 134,
              "timestamp": "27:08"
            },
            {
              "id": 136,
              "timestamp": "28:13"
            },
            {
              "id": 138,
              "timestamp": "30:05"
            },
            {
              "id": 140,
              "timestamp": "30:58"
            },
            {
              "id": 142,
              "timestamp": "31:24"
            },
            {
              "id": 144,
              "timestamp": "33:31"
            },
            {
              "id": 152,
              "timestamp": "39:19"
            },
            {
              "id": 279,
              "timestamp": "104:38"
            },
            {
              "id": 281,
              "timestamp": "109:17"
            },
            {
              "id": 283,
              "timestamp": "109:24"
            },
            {
              "id": 285,
              "timestamp": "109:41"
            },
            {
              "id": 287,
              "timestamp": "111:00"
            },
            {
              "id": 289,
              "timestamp": "112:27"
            }
          ]
        }
      ]
    },
    {
      "title": "DESENVOLVIMENTO",
      "subsections": [
        {
          "subtitle": "TRABALHO/ COMÉRCIO",
          "items": [
            {
              "id": 130,
              "timestamp": "26:51"
            },
            {
              "id": 132,
              "timestamp": "27:01"
            },
            {
              "id": 146,
              "timestamp": "33:51"
            },
            {
              "id": 148,
              "timestamp": "34:43"
            },
            {
              "id": 154,
              "timestamp": "40:06"
            },
            {
              "id": 156,
              "timestamp": "40:54"
            },
            {
              "id": 158,
              "timestamp": "41:30"
            },
            {
              "id": 160,
              "timestamp": "42:27"
            },
            {
              "id": 162,
              "timestamp": "43:04"
            },
            {
              "id": 166,
              "timestamp": "43:43"
            },
            {
              "id": 180,
              "timestamp": "46:40"
            },
            {
              "id": 182,
              "timestamp": "47:13"
            },
            {
              "id": 184,
              "timestamp": "48:02"
            },
            {
              "id": 186,
              "timestamp": "48:27"
            },
            {
              "id": 188,
              "timestamp": "49:12"
            },
            {
              "id": 190,
              "timestamp": "49:37"
            },
            {
              "id": 194,
              "timestamp": "52:50"
            },
            {
              "id": 196,
              "timestamp": "53:29"
            },
            {
              "id": 198,
              "timestamp": "53:40"
            },
            {
              "id": 200,
              "timestamp": "54:40"
            },
            {
              "id": 202,
              "timestamp": "54:47"
            },
            {
              "id": 204,
              "timestamp": "54:50"
            },
            {
              "id": 206,
              "timestamp": "55:31"
            },
            {
              "id": 208,
              "timestamp": "56:08"
            },
            {
              "id": 210,
              "timestamp": "56:33"
            },
            {
              "id": 212,
              "timestamp": "56:46"
            },
            {
              "id": 214,
              "timestamp": "57:12"
            },
            {
              "id": 216,
              "timestamp": "57:45"
            },
            {
              "id": 218,
              "timestamp": "58:09"
            },
            {
              "id": 220,
              "timestamp": "58:48"
            },
            {
              "id": 222,
              "timestamp": "59:31"
            },
            {
              "id": 224,
              "timestamp": "60:45"
            },
            {
              "id": 230,
              "timestamp": "62:14"
            },
            {
              "id": 232,
              "timestamp": "63:07"
            },
            {
              "id": 242,
              "timestamp": "69:22"
            },
            {
              "id": 244,
              "timestamp": "74:00"
            },
            {
              "id": 246,
              "timestamp": "76:59"
            },
            {
              "id": 248,
              "timestamp": "82:38"
            },
            {
              "id": 250,
              "timestamp": "84:02"
            },
            {
              "id": 253,
              "timestamp": "85:48"
            },
            {
              "id": 255,
              "timestamp": "86:00"
            },
            {
              "id": 257,
              "timestamp": "88:22"
            },
            {
              "id": 259,
              "timestamp": "89:17"
            },
            {
              "id": 261,
              "timestamp": "90:07"
            },
            {
              "id": 263,
              "timestamp": "91:09"
            },
            {
              "id": 265,
              "timestamp": "91:46"
            },
            {
              "id": 267,
              "timestamp": "92:42"
            },
            {
              "id": 269,
              "timestamp": "95:10"
            },
            {
              "id": 271,
              "timestamp": "100:07"
            },
            {
              "id": 273,
              "timestamp": "101:10"
            },
            {
              "id": 275,
              "timestamp": "101:53"
            },
            {
              "id": 277,
              "timestamp": "103:13"
            }
          ]
        }
      ]
    },
    {
      "title": "FINALIZAÇÃO",
      "subsections": [
        {
          "subtitle": "FINALIZAÇÃO",
          "items": [
            {
              "id": 291,
              "timestamp": "113:12"
            },
            {
              "id": 293,
              "timestamp": "114:11"
            },
            {
              "id": 295,
              "timestamp": "114:58"
            },
            {
              "id": 297,
              "timestamp": "115:15"
            },
            {
              "id": 299,
              "timestamp": "116:47"
            },
            {
              "id": 301,
              "timestamp": "117:51"
            },
            {
              "id": 303,
              "timestamp": "118:03"
            },
            {
              "id": 305,
              "timestamp": "118:24"
            }
          ]
        }
      ]
    }
  ]
}