{
  "segments": [
    {
      "title": "INTRODUÇÃO",
      "subsections": [
        {
          "subtitle": "IDENTIFICAÇÃO",
          "items": [
            {
              "id": 0,
              "timestamp": "00:24"
            },
            {
              "id": 14,
              "timestamp": "03:54"
            },
            {
              "id": 16,
              "timestamp": "03:56"
            }
          ]
        },
        {
          "subtitle": "FAMÍLIA",
          "items": [
            {
              "id": 2,
              "timestamp": "00:49"
            },
            {
              "id": 4,
              "timestamp": "01:20"
            },
            {
              "id": 6,
              "timestamp": "01:34"
            },
            {
              "id": 8,
              "timestamp": "01:45"
            }
          ]
        },
        {
          "subtitle": "INFÂNCIA",
          "items": [
            {
              "id": 10,
              "timestamp": "02:40"
            },
            {
              "id": 12,
              "timestamp": "03:13"
            },
            {
              "id": 18,
              "timestamp": "04:03"
            },
            {
              "id": 20,
              "timestamp": "05:21"
            },
            {
              "id": 22,
              "timestamp": "06:19"
            },
            {
              "id": 24,
              "timestamp": "07:37"
            },
            {
              "id": 26,
              "timestamp": "08:07"
            }
          ]
        },
        {
          "subtitle": "ESCOLA",
          "items": [
            {
              "id": 28,
              "timestamp": "08:52"
            },
            {
              "id": 30,
              "timestamp": "09:59"
            },
            {
              "id": 32,
              "timestamp": "10:29"
            },
            {
              "id": 34,
              "timestamp": "10:36"
            },
            {
              "id": 36,
              "timestamp": "11:32"
            },
            {
              "id": 38,
              "timestamp": "13:04"
            },
            {
              "id": 40,
              "timestamp": "13:41"
            },
            {
              "id": 42,
              "timestamp": "14:09"
            },
            {
              "id": 62,
              "timestamp": "27:02"
            }
          ]
        },
        {
          "subtitle": "JUVENTUDE",
          "items": [
            {
              "id": 44,
              "timestamp": "15:35"
            },
            {
              "id": 46,
              "timestamp": "15:52"
            },
            {
              "id": 48,
              "timestamp": "19:18"
            },
            {
              "id": 50,
              "timestamp": "21:40"
            },
            {
              "id": 52,
              "timestamp": "25:18"
            },
            {
              "id": 54,
              "timestamp": "26:05"
            },
            {
              "id": 56,
              "timestamp": "26:44"
            },
            {
              "id": 58,
              "timestamp": "26:51"
            },
            {
              "id": 60,
              "timestamp": "26:58"
            },
            {
              "id": 76,
              "timestamp": "30:50"
            },
            {
              "id": 78,
              "timestamp": "35:01"
            },
            {
              "id": 80,
              "timestamp": "35:47"
            },
            {
              "id": 82,
              "timestamp": "36:30"
            },
            {
              "id": 84,
              "timestamp": "39:31"
            },
            {
              "id": 86,
              "timestamp": "40:11"
            },
            {
              "id": 88,
              "timestamp": "40:29"
            },
            {
              "id": 90,
              "timestamp": "41:54"
            },
            {
              "id": 92,
              "timestamp": "44:15"
            },
            {
              "id": 94,
              "timestamp": "44:31"
            },
            {
              "id": 96,
              "timestamp": "44:49"
            },
            {
              "id": 98,
              "timestamp": "48:50"
            },
            {
              "id": 100,
              "timestamp": "49:10"
            },
            {
              "id": 102,
              "timestamp": "49:44"
            },
            {
              "id": 104,
              "timestamp": "50:58"
            },
            {
              "id": 106,
              "timestamp": "51:49"
            },
            {
              "id": 108,
              "timestamp": "51:59"
            },
            {
              "id": 110,
              "timestamp": "52:45"
            }
          ]
        }
      ]
    },
    {
      "title": "DESENVOLVIMENTO",
      "subsections": [
        {
          "subtitle": "TRABALHO/ COMÉRCIO",
          "items": [
            {
              "id": 64,
              "timestamp": "27:44"
            },
            {
              "id": 66,
              "timestamp": "27:45"
            },
            {
              "id": 68,
              "timestamp": "28:26"
            },
            {
              "id": 70,
              "timestamp": "28:48"
            },
            {
              "id": 72,
              "timestamp": "28:56"
            },
            {
              "id": 74,
              "timestamp": "29:57"
            }
          ]
        }
      ]
    },
    {
      "title": "FINALIZAÇÃO",
      "subsections": [
        {
          "subtitle": "CONSIDERAÇÕES FINAIS",
          "items": [
            {
              "id": 112,
              "timestamp": "53:56"
            },
            {
              "id": 114,
              "timestamp": "54:33"
            },
            {
              "id": 116,
              "timestamp": "58:24"
            },
            {
              "id": 118,
              "timestamp": "59:57"
            },
            {
              "id": 120,
              "timestamp": "60:10"
            },
            {
              "id": 122,
              "timestamp": "60:55"
            }
          ]
        }
      ]
    }
  ]
}