{
  "segments": [
    {
      "title": "INTRODUÇÃO",
      "subsections": [
        {
          "subtitle": "IDENTIFICAÇÃO",
          "items": [
            {
              "id": 0,
              "timestamp": "00:28"
            },
            {
              "id": 2,
              "timestamp": "00:35"
            },
            {
              "id": 4,
              "timestamp": "00:44"
            },
            {
              "id": 6,
              "timestamp": "00:52"
            }
          ]
        },
        {
          "subtitle": "FAMÍLIA",
          "items": [
            {
              "id": 8,
              "timestamp": "01:17"
            },
            {
              "id": 10,
              "timestamp": "01:25"
            },
            {
              "id": 12,
              "timestamp": "01:33"
            },
            {
              "id": 14,
              "timestamp": "01:44"
            }
          ]
        },
        {
          "subtitle": "INFÂNCIA",
          "items": [
            {
              "id": 16,
              "timestamp": "02:17"
            },
            {
              "id": 18,
              "timestamp": "02:22"
            },
            {
              "id": 20,
              "timestamp": "02:34"
            },
            {
              "id": 22,
              "timestamp": "03:07"
            },
            {
              "id": 24,
              "timestamp": "03:22"
            },
            {
              "id": 26,
              "timestamp": "03:38"
            },
            {
              "id": 48,
              "timestamp": "10:29"
            },
            {
              "id": 50,
              "timestamp": "10:50"
            }
          ]
        },
        {
          "subtitle": "ESCOLA",
          "items": [
            {
              "id": 28,
              "timestamp": "03:53"
            },
            {
              "id": 30,
              "timestamp": "04:10"
            }
          ]
        },
        {
          "subtitle": "JUVENTUDE",
          "items": [
            {
              "id": 32,
              "timestamp": "04:46"
            },
            {
              "id": 34,
              "timestamp": "08:45"
            },
            {
              "id": 36,
              "timestamp": "09:04"
            },
            {
              "id": 38,
              "timestamp": "09:10"
            },
            {
              "id": 40,
              "timestamp": "09:12"
            },
            {
              "id": 42,
              "timestamp": "09:33"
            },
            {
              "id": 44,
              "timestamp": "09:57"
            },
            {
              "id": 46,
              "timestamp": "10:13"
            },
            {
              "id": 52,
              "timestamp": "11:16"
            },
            {
              "id": 54,
              "timestamp": "11:37"
            },
            {
              "id": 56,
              "timestamp": "12:05"
            },
            {
              "id": 58,
              "timestamp": "12:38"
            },
            {
              "id": 60,
              "timestamp": "12:54"
            },
            {
              "id": 62,
              "timestamp": "13:04"
            },
            {
              "id": 68,
              "timestamp": "14:04"
            },
            {
              "id": 70,
              "timestamp": "14:16"
            },
            {
              "id": 72,
              "timestamp": "14:47"
            },
            {
              "id": 74,
              "timestamp": "15:05"
            },
            {
              "id": 76,
              "timestamp": "15:17"
            },
            {
              "id": 78,
              "timestamp": "15:28"
            },
            {
              "id": 90,
              "timestamp": "19:03"
            },
            {
              "id": 92,
              "timestamp": "19:11"
            },
            {
              "id": 94,
              "timestamp": "19:15"
            },
            {
              "id": 96,
              "timestamp": "19:25"
            },
            {
              "id": 98,
              "timestamp": "19:30"
            }
          ]
        }
      ]
    },
    {
      "title": "DESENVOLVIMENTO",
      "subsections": [
        {
          "subtitle": "TRABALHO/ COMÉRCIO",
          "items": [
            {
              "id": 64,
              "timestamp": "13:33"
            },
            {
              "id": 66,
              "timestamp": "13:54"
            },
            {
              "id": 80,
              "timestamp": "16:25"
            },
            {
              "id": 82,
              "timestamp": "17:00"
            },
            {
              "id": 84,
              "timestamp": "18:16"
            },
            {
              "id": 86,
              "timestamp": "18:29"
            },
            {
              "id": 88,
              "timestamp": "18:49"
            },
            {
              "id": 100,
              "timestamp": "20:07"
            },
            {
              "id": 102,
              "timestamp": "20:11"
            },
            {
              "id": 104,
              "timestamp": "20:58"
            },
            {
              "id": 106,
              "timestamp": "21:04"
            },
            {
              "id": 108,
              "timestamp": "21:12"
            },
            {
              "id": 110,
              "timestamp": "21:19"
            },
            {
              "id": 112,
              "timestamp": "21:39"
            },
            {
              "id": 114,
              "timestamp": "21:44"
            },
            {
              "id": 116,
              "timestamp": "22:19"
            },
            {
              "id": 122,
              "timestamp": "24:06"
            },
            {
              "id": 124,
              "timestamp": "24:45"
            },
            {
              "id": 126,
              "timestamp": "24:52"
            },
            {
              "id": 128,
              "timestamp": "25:08"
            },
            {
              "id": 130,
              "timestamp": "25:15"
            },
            {
              "id": 132,
              "timestamp": "25:27"
            },
            {
              "id": 136,
              "timestamp": "26:05"
            },
            {
              "id": 138,
              "timestamp": "26:14"
            },
            {
              "id": 140,
              "timestamp": "26:45"
            },
            {
              "id": 142,
              "timestamp": "27:44"
            },
            {
              "id": 144,
              "timestamp": "27:52"
            },
            {
              "id": 146,
              "timestamp": "28:02"
            },
            {
              "id": 148,
              "timestamp": "28:10"
            }
          ]
        }
      ]
    },
    {
      "title": "FINALIZAÇÃO",
      "subsections": [
        {
          "subtitle": "FINALIZAÇÃO",
          "items": [
            {
              "id": 118,
              "timestamp": "23:02"
            },
            {
              "id": 120,
              "timestamp": "23:29"
            },
            {
              "id": 134,
              "timestamp": "25:39"
            },
            {
              "id": 150,
              "timestamp": "28:55"
            },
            {
              "id": 152,
              "timestamp": "29:19"
            },
            {
              "id": 154,
              "timestamp": "29:44"
            },
            {
              "id": 156,
              "timestamp": "30:06"
            },
            {
              "id": 160,
              "timestamp": "30:27"
            },
            {
              "id": 162,
              "timestamp": "30:40"
            },
            {
              "id": 164,
              "timestamp": "31:15"
            },
            {
              "id": 166,
              "timestamp": "32:21"
            },
            {
              "id": 168,
              "timestamp": "32:26"
            },
            {
              "id": 170,
              "timestamp": "32:36"
            },
            {
              "id": 172,
              "timestamp": "33:06"
            },
            {
              "id": 174,
              "timestamp": "33:30"
            },
            {
              "id": 176,
              "timestamp": "33:39"
            },
            {
              "id": 178,
              "timestamp": "33:49"
            },
            {
              "id": 180,
              "timestamp": "34:37"
            },
            {
              "id": 182,
              "timestamp": "34:52"
            },
            {
              "id": 184,
              "timestamp": "35:17"
            },
            {
              "id": 186,
              "timestamp": "35:44"
            },
            {
              "id": 188,
              "timestamp": "36:02"
            },
            {
              "id": 190,
              "timestamp": "36:58"
            },
            {
              "id": 192,
              "timestamp": "37:34"
            },
            {
              "id": 194,
              "timestamp": "38:22"
            },
            {
              "id": 196,
              "timestamp": "38:45"
            }
          ]
        }
      ]
    }
  ]
}