{
  "segments": [
    {
      "title": "INTRODUÇÃO",
      "subsections": [
        {
          "subtitle": "IDENTIFICAÇÃO",
          "items": [
            {
              "id": 0,
              "timestamp": "00:25"
            },
            {
              "id": 18,
              "timestamp": "05:57"
            },
            {
              "id": 20,
              "timestamp": "06:00"
            },
            {
              "id": 67,
              "timestamp": "21:09"
            },
            {
              "id": 69,
              "timestamp": "21:52"
            }
          ]
        },
        {
          "subtitle": "FAMÍLIA",
          "items": [
            {
              "id": 2,
              "timestamp": "01:20"
            },
            {
              "id": 4,
              "timestamp": "01:44"
            },
            {
              "id": 6,
              "timestamp": "02:06"
            },
            {
              "id": 8,
              "timestamp": "02:40"
            },
            {
              "id": 10,
              "timestamp": "03:08"
            },
            {
              "id": 12,
              "timestamp": "03:54"
            },
            {
              "id": 14,
              "timestamp": "04:20"
            },
            {
              "id": 16,
              "timestamp": "05:09"
            },
            {
              "id": 75,
              "timestamp": "23:52"
            },
            {
              "id": 77,
              "timestamp": "25:02"
            },
            {
              "id": 105,
              "timestamp": "35:58"
            },
            {
              "id": 121,
              "timestamp": "47:44"
            },
            {
              "id": 221,
              "timestamp": "80:13"
            },
            {
              "id": 231,
              "timestamp": "84:49"
            }
          ]
        },
        {
          "subtitle": "INFÂNCIA",
          "items": [
            {
              "id": 22,
              "timestamp": "07:37"
            },
            {
              "id": 24,
              "timestamp": "08:36"
            },
            {
              "id": 26,
              "timestamp": "09:43"
            },
            {
              "id": 28,
              "timestamp": "09:52"
            },
            {
              "id": 30,
              "timestamp": "10:06"
            },
            {
              "id": 32,
              "timestamp": "11:13"
            },
            {
              "id": 34,
              "timestamp": "11:36"
            },
            {
              "id": 36,
              "timestamp": "12:14"
            },
            {
              "id": 38,
              "timestamp": "12:54"
            },
            {
              "id": 40,
              "timestamp": "13:17"
            },
            {
              "id": 42,
              "timestamp": "13:45"
            },
            {
              "id": 44,
              "timestamp": "14:05"
            },
            {
              "id": 46,
              "timestamp": "14:09"
            },
            {
              "id": 48,
              "timestamp": "15:24"
            },
            {
              "id": 50,
              "timestamp": "15:48"
            },
            {
              "id": 55,
              "timestamp": "17:10"
            },
            {
              "id": 57,
              "timestamp": "17:23"
            },
            {
              "id": 59,
              "timestamp": "18:36"
            },
            {
              "id": 61,
              "timestamp": "19:19"
            },
            {
              "id": 63,
              "timestamp": "19:54"
            },
            {
              "id": 71,
              "timestamp": "23:20"
            }
          ]
        },
        {
          "subtitle": "ESCOLA",
          "items": [
            {
              "id": 73,
              "timestamp": "23:32"
            },
            {
              "id": 85,
              "timestamp": "29:55"
            },
            {
              "id": 139,
              "timestamp": "56:10"
            },
            {
              "id": 141,
              "timestamp": "56:18"
            },
            {
              "id": 143,
              "timestamp": "56:49"
            },
            {
              "id": 145,
              "timestamp": "57:31"
            },
            {
              "id": 147,
              "timestamp": "58:05"
            }
          ]
        },
        {
          "subtitle": "JUVENTUDE",
          "items": [
            {
              "id": 65,
              "timestamp": "20:37"
            },
            {
              "id": 79,
              "timestamp": "25:52"
            },
            {
              "id": 81,
              "timestamp": "27:10"
            },
            {
              "id": 87,
              "timestamp": "30:13"
            },
            {
              "id": 89,
              "timestamp": "30:51"
            },
            {
              "id": 91,
              "timestamp": "31:37"
            },
            {
              "id": 93,
              "timestamp": "31:53"
            },
            {
              "id": 99,
              "timestamp": "33:08"
            },
            {
              "id": 103,
              "timestamp": "35:25"
            },
            {
              "id": 107,
              "timestamp": "36:39"
            },
            {
              "id": 109,
              "timestamp": "40:59"
            },
            {
              "id": 111,
              "timestamp": "41:20"
            },
            {
              "id": 113,
              "timestamp": "42:05"
            },
            {
              "id": 115,
              "timestamp": "44:46"
            },
            {
              "id": 117,
              "timestamp": "45:32"
            },
            {
              "id": 119,
              "timestamp": "46:46"
            },
            {
              "id": 129,
              "timestamp": "50:56"
            },
            {
              "id": 131,
              "timestamp": "53:11"
            },
            {
              "id": 133,
              "timestamp": "53:37"
            },
            {
              "id": 135,
              "timestamp": "54:06"
            },
            {
              "id": 149,
              "timestamp": "58:40"
            },
            {
              "id": 153,
              "timestamp": "60:27"
            },
            {
              "id": 155,
              "timestamp": "61:17"
            },
            {
              "id": 157,
              "timestamp": "61:51"
            },
            {
              "id": 159,
              "timestamp": "61:56"
            },
            {
              "id": 223,
              "timestamp": "80:28"
            },
            {
              "id": 225,
              "timestamp": "81:12"
            },
            {
              "id": 227,
              "timestamp": "82:23"
            },
            {
              "id": 229,
              "timestamp": "83:08"
            },
            {
              "id": 233,
              "timestamp": "85:49"
            }
          ]
        }
      ]
    },
    {
      "title": "DESENVOLVIMENTO",
      "subsections": [
        {
          "subtitle": "TRABALHO/ COMÉRCIO",
          "items": [
            {
              "id": 83,
              "timestamp": "27:58"
            },
            {
              "id": 95,
              "timestamp": "32:23"
            },
            {
              "id": 97,
              "timestamp": "33:04"
            },
            {
              "id": 101,
              "timestamp": "34:03"
            },
            {
              "id": 123,
              "timestamp": "49:43"
            },
            {
              "id": 125,
              "timestamp": "49:48"
            },
            {
              "id": 127,
              "timestamp": "50:47"
            },
            {
              "id": 137,
              "timestamp": "54:53"
            },
            {
              "id": 151,
              "timestamp": "60:12"
            },
            {
              "id": 161,
              "timestamp": "62:13"
            },
            {
              "id": 163,
              "timestamp": "62:44"
            },
            {
              "id": 165,
              "timestamp": "64:08"
            },
            {
              "id": 167,
              "timestamp": "64:35"
            },
            {
              "id": 169,
              "timestamp": "65:39"
            },
            {
              "id": 171,
              "timestamp": "66:08"
            },
            {
              "id": 173,
              "timestamp": "66:12"
            },
            {
              "id": 175,
              "timestamp": "66:17"
            }
          ]
        }
      ]
    },
    {
      "title": "FINALIZAÇÃO",
      "subsections": [
        {
          "subtitle": "PROJETOS E SONHOS",
          "items": [
            {
              "id": 177,
              "timestamp": "66:30"
            },
            {
              "id": 179,
              "timestamp": "66:32"
            },
            {
              "id": 181,
              "timestamp": "67:12"
            },
            {
              "id": 183,
              "timestamp": "67:29"
            },
            {
              "id": 185,
              "timestamp": "68:09"
            },
            {
              "id": 187,
              "timestamp": "68:51"
            },
            {
              "id": 189,
              "timestamp": "69:19"
            },
            {
              "id": 191,
              "timestamp": "69:54"
            }
          ]
        },
        {
          "subtitle": "REFLEXÕES",
          "items": [
            {
              "id": 193,
              "timestamp": "70:33"
            },
            {
              "id": 219,
              "timestamp": "79:03"
            }
          ]
        },
        {
          "subtitle": "MUDANÇAS",
          "items": [
            {
              "id": 203,
              "timestamp": "74:10"
            },
            {
              "id": 205,
              "timestamp": "74:13"
            },
            {
              "id": 207,
              "timestamp": "75:42"
            },
            {
              "id": 209,
              "timestamp": "76:13"
            },
            {
              "id": 211,
              "timestamp": "77:06"
            },
            {
              "id": 213,
              "timestamp": "77:32"
            },
            {
              "id": 215,
              "timestamp": "78:07"
            },
            {
              "id": 217,
              "timestamp": "78:39"
            }
          ]
        },
        {
          "subtitle": "FAMÍLIA ATUAL",
          "items": [
            {
              "id": 237,
              "timestamp": "86:59"
            },
            {
              "id": 239,
              "timestamp": "87:26"
            },
            {
              "id": 241,
              "timestamp": "88:13"
            }
          ]
        },
        {
          "subtitle": "ENCERRAMENTO",
          "items": [
            {
              "id": 195,
              "timestamp": "71:00"
            },
            {
              "id": 197,
              "timestamp": "73:04"
            },
            {
              "id": 199,
              "timestamp": "73:18"
            },
            {
              "id": 201,
              "timestamp": "73:27"
            },
            {
              "id": 235,
              "timestamp": "86:37"
            },
            {
              "id": 243,
              "timestamp": "89:06"
            },
            {
              "id": 245,
              "timestamp": "89:12"
            },
            {
              "id": 247,
              "timestamp": "89:32"
            }
          ]
        }
      ]
    }
  ]
}