{
  "segments": [
    {
      "title": "INTRODUÇÃO",
      "subsections": [
        {
          "subtitle": "IDENTIFICAÇÃO",
          "items": [
            {
              "id": 0,
              "timestamp": "00:42"
            },
            {
              "id": 2,
              "timestamp": "01:40"
            },
            {
              "id": 4,
              "timestamp": "02:46"
            },
            {
              "id": 6,
              "timestamp": "03:09"
            },
            {
              "id": 10,
              "timestamp": "08:26"
            }
          ]
        },
        {
          "subtitle": "INFÂNCIA",
          "items": [
            {
              "id": 8,
              "timestamp": "03:29"
            },
            {
              "id": 12,
              "timestamp": "10:42"
            }
          ]
        },
        {
          "subtitle": "JUVENTUDE",
          "items": [
            {
              "id": 14,
              "timestamp": "13:25"
            }
          ]
        }
      ]
    },
    {
      "title": "DESENVOLVIMENTO",
      "subsections": [
        {
          "subtitle": "TRABALHO/ COMÉRCIO",
          "items": [
            {
              "id": 16,
              "timestamp": "20:46"
            },
            {
              "id": 18,
              "timestamp": "23:19"
            },
            {
              "id": 20,
              "timestamp": "23:50"
            },
            {
              "id": 22,
              "timestamp": "25:12"
            },
            {
              "id": 24,
              "timestamp": "25:55"
            },
            {
              "id": 30,
              "timestamp": "30:06"
            },
            {
              "id": 34,
              "timestamp": "31:32"
            },
            {
              "id": 36,
              "timestamp": "33:28"
            },
            {
              "id": 40,
              "timestamp": "37:14"
            },
            {
              "id": 44,
              "timestamp": "38:46"
            },
            {
              "id": 46,
              "timestamp": "39:06"
            },
            {
              "id": 48,
              "timestamp": "41:38"
            },
            {
              "id": 52,
              "timestamp": "49:49"
            },
            {
              "id": 54,
              "timestamp": "51:24"
            },
            {
              "id": 56,
              "timestamp": "51:58"
            },
            {
              "id": 58,
              "timestamp": "59:18"
            },
            {
              "id": 60,
              "timestamp": "61:48"
            },
            {
              "id": 62,
              "timestamp": "64:44"
            },
            {
              "id": 64,
              "timestamp": "68:48"
            },
            {
              "id": 73,
              "timestamp": "78:41"
            },
            {
              "id": 75,
              "timestamp": "78:53"
            },
            {
              "id": 79,
              "timestamp": "80:19"
            },
            {
              "id": 81,
              "timestamp": "81:11"
            }
          ]
        }
      ]
    },
    {
      "title": "FINALIZAÇÃO",
      "subsections": [
        {
          "subtitle": "CONSIDERAÇÕES FINAIS",
          "items": [
            {
              "id": 67,
              "timestamp": "74:57"
            },
            {
              "id": 69,
              "timestamp": "75:29"
            },
            {
              "id": 71,
              "timestamp": "76:53"
            },
            {
              "id": 83,
              "timestamp": "81:13"
            },
            {
              "id": 85,
              "timestamp": "83:25"
            },
            {
              "id": 87,
              "timestamp": "84:06"
            },
            {
              "id": 89,
              "timestamp": "84:58"
            },
            {
              "id": 91,
              "timestamp": "91:05"
            }
          ]
        }
      ]
    }
  ]
}