{
  "segments": [
    {
      "title": "INTRODUÇÃO",
      "subsections": [
        {
          "subtitle": "IDENTIFICAÇÃO",
          "items": [
            {
              "id": 2,
              "timestamp": "01:02"
            }
          ]
        },
        {
          "subtitle": "FAMÍLIA",
          "items": [
            {
              "id": 4,
              "timestamp": "01:40"
            },
            {
              "id": 6,
              "timestamp": "09:35"
            },
            {
              "id": 8,
              "timestamp": "11:53"
            },
            {
              "id": 10,
              "timestamp": "14:33"
            },
            {
              "id": 12,
              "timestamp": "15:55"
            },
            {
              "id": 14,
              "timestamp": "16:35"
            }
          ]
        },
        {
          "subtitle": "INFÂNCIA",
          "items": [
            {
              "id": 16,
              "timestamp": "17:48"
            },
            {
              "id": 18,
              "timestamp": "22:25"
            },
            {
              "id": 20,
              "timestamp": "26:23"
            },
            {
              "id": 22,
              "timestamp": "30:56"
            }
          ]
        },
        {
          "subtitle": "ESCOLA",
          "items": [
            {
              "id": 24,
              "timestamp": "31:39"
            },
            {
              "id": 26,
              "timestamp": "39:52"
            },
            {
              "id": 28,
              "timestamp": "39:58"
            },
            {
              "id": 30,
              "timestamp": "46:55"
            },
            {
              "id": 32,
              "timestamp": "47:18"
            },
            {
              "id": 34,
              "timestamp": "48:15"
            },
            {
              "id": 36,
              "timestamp": "55:49"
            },
            {
              "id": 40,
              "timestamp": "71:36"
            },
            {
              "id": 44,
              "timestamp": "74:31"
            }
          ]
        },
        {
          "subtitle": "JUVENTUDE",
          "items": [
            {
              "id": 62,
              "timestamp": "94:20"
            },
            {
              "id": 64,
              "timestamp": "105:08"
            }
          ]
        }
      ]
    },
    {
      "title": "DESENVOLVIMENTO",
      "subsections": [
        {
          "subtitle": "TRABALHO/ COMÉRCIO",
          "items": [
            {
              "id": 38,
              "timestamp": "64:40"
            },
            {
              "id": 42,
              "timestamp": "73:23"
            },
            {
              "id": 46,
              "timestamp": "74:38"
            },
            {
              "id": 48,
              "timestamp": "78:12"
            },
            {
              "id": 50,
              "timestamp": "81:29"
            },
            {
              "id": 52,
              "timestamp": "83:40"
            },
            {
              "id": 54,
              "timestamp": "84:48"
            },
            {
              "id": 56,
              "timestamp": "87:42"
            },
            {
              "id": 58,
              "timestamp": "92:51"
            },
            {
              "id": 60,
              "timestamp": "92:53"
            }
          ]
        }
      ]
    },
    {
      "title": "FINALIZAÇÃO",
      "subsections": [
        {
          "subtitle": "ENCERRAMENTO",
          "items": [
            {
              "id": 66,
              "timestamp": "113:07"
            }
          ]
        }
      ]
    }
  ]
}