{
  "segments": [
    {
      "title": "INTRODUÇÃO",
      "subsections": [
        {
          "subtitle": "FAMÍLIA",
          "items": [
            {
              "id": 1,
              "timestamp": "02:28"
            },
            {
              "id": 3,
              "timestamp": "03:32"
            }
          ]
        },
        {
          "subtitle": "INFÂNCIA",
          "items": [
            {
              "id": 5,
              "timestamp": "07:32"
            },
            {
              "id": 7,
              "timestamp": "13:46"
            },
            {
              "id": 9,
              "timestamp": "19:00"
            },
            {
              "id": 11,
              "timestamp": "19:36"
            }
          ]
        },
        {
          "subtitle": "JUVENTUDE",
          "items": [
            {
              "id": 13,
              "timestamp": "20:15"
            },
            {
              "id": 15,
              "timestamp": "25:26"
            }
          ]
        }
      ]
    },
    {
      "title": "DESENVOLVIMENTO",
      "subsections": [
        {
          "subtitle": "TRABALHO/ COMÉRCIO",
          "items": [
            {
              "id": 19,
              "timestamp": "34:05"
            },
            {
              "id": 21,
              "timestamp": "40:37"
            },
            {
              "id": 23,
              "timestamp": "48:04"
            },
            {
              "id": 25,
              "timestamp": "53:39"
            },
            {
              "id": 29,
              "timestamp": "59:10"
            },
            {
              "id": 31,
              "timestamp": "61:12"
            },
            {
              "id": 33,
              "timestamp": "64:35"
            },
            {
              "id": 35,
              "timestamp": "74:00"
            },
            {
              "id": 43,
              "timestamp": "98:03"
            },
            {
              "id": 45,
              "timestamp": "99:02"
            }
          ]
        }
      ]
    },
    {
      "title": "FINALIZAÇÃO",
      "subsections": [
        {
          "subtitle": "FINALIZAÇÃO",
          "items": [
            {
              "id": 37,
              "timestamp": "79:38"
            },
            {
              "id": 39,
              "timestamp": "83:33"
            },
            {
              "id": 41,
              "timestamp": "92:16"
            },
            {
              "id": 47,
              "timestamp": "104:37"
            },
            {
              "id": 49,
              "timestamp": "105:30"
            },
            {
              "id": 51,
              "timestamp": "110:29"
            }
          ]
        }
      ]
    }
  ]
}