{
  "segments": [
    {
      "title": "INTRODUÇÃO",
      "subsections": [
        {
          "subtitle": "IDENTIFICAÇÃO",
          "items": [
            {
              "id": 73,
              "timestamp": "52:22"
            }
          ]
        },
        {
          "subtitle": "FAMÍLIA",
          "items": [
            {
              "id": 69,
              "timestamp": "46:08"
            },
            {
              "id": 71,
              "timestamp": "48:28"
            },
            {
              "id": 79,
              "timestamp": "59:04"
            },
            {
              "id": 81,
              "timestamp": "59:32"
            },
            {
              "id": 83,
              "timestamp": "59:43"
            }
          ]
        },
        {
          "subtitle": "INFÂNCIA",
          "items": [
            {
              "id": 1,
              "timestamp": "02:00"
            },
            {
              "id": 3,
              "timestamp": "02:31"
            },
            {
              "id": 5,
              "timestamp": "03:33"
            },
            {
              "id": 7,
              "timestamp": "03:47"
            }
          ]
        },
        {
          "subtitle": "ESCOLA",
          "items": [
            {
              "id": 11,
              "timestamp": "10:28"
            },
            {
              "id": 17,
              "timestamp": "22:15"
            },
            {
              "id": 23,
              "timestamp": "23:30"
            },
            {
              "id": 39,
              "timestamp": "28:10"
            },
            {
              "id": 53,
              "timestamp": "35:00"
            },
            {
              "id": 59,
              "timestamp": "38:28"
            }
          ]
        },
        {
          "subtitle": "JUVENTUDE",
          "items": [
            {
              "id": 9,
              "timestamp": "04:40"
            },
            {
              "id": 13,
              "timestamp": "11:37"
            },
            {
              "id": 15,
              "timestamp": "13:20"
            },
            {
              "id": 19,
              "timestamp": "22:53"
            },
            {
              "id": 21,
              "timestamp": "23:15"
            },
            {
              "id": 35,
              "timestamp": "27:12"
            },
            {
              "id": 37,
              "timestamp": "28:03"
            },
            {
              "id": 41,
              "timestamp": "28:41"
            },
            {
              "id": 43,
              "timestamp": "28:51"
            },
            {
              "id": 45,
              "timestamp": "32:25"
            },
            {
              "id": 47,
              "timestamp": "32:32"
            },
            {
              "id": 49,
              "timestamp": "34:01"
            },
            {
              "id": 61,
              "timestamp": "40:17"
            },
            {
              "id": 63,
              "timestamp": "42:04"
            },
            {
              "id": 65,
              "timestamp": "42:21"
            },
            {
              "id": 67,
              "timestamp": "43:15"
            },
            {
              "id": 75,
              "timestamp": "56:11"
            },
            {
              "id": 77,
              "timestamp": "57:40"
            }
          ]
        }
      ]
    },
    {
      "title": "DESENVOLVIMENTO",
      "subsections": [
        {
          "subtitle": "TRABALHO/ COMÉRCIO",
          "items": [
            {
              "id": 25,
              "timestamp": "24:07"
            },
            {
              "id": 27,
              "timestamp": "24:30"
            },
            {
              "id": 29,
              "timestamp": "24:38"
            },
            {
              "id": 31,
              "timestamp": "25:31"
            },
            {
              "id": 33,
              "timestamp": "25:39"
            },
            {
              "id": 51,
              "timestamp": "34:28"
            },
            {
              "id": 55,
              "timestamp": "35:54"
            },
            {
              "id": 57,
              "timestamp": "35:58"
            },
            {
              "id": 85,
              "timestamp": "59:59"
            },
            {
              "id": 87,
              "timestamp": "68:42"
            },
            {
              "id": 89,
              "timestamp": "70:21"
            },
            {
              "id": 91,
              "timestamp": "71:38"
            },
            {
              "id": 93,
              "timestamp": "75:57"
            },
            {
              "id": 95,
              "timestamp": "79:33"
            },
            {
              "id": 97,
              "timestamp": "82:36"
            },
            {
              "id": 101,
              "timestamp": "84:37"
            }
          ]
        }
      ]
    },
    {
      "title": "FINALIZAÇÃO",
      "subsections": [
        {
          "subtitle": "CONSIDERAÇÕES FINAIS",
          "items": [
            {
              "id": 99,
              "timestamp": "83:16"
            },
            {
              "id": 103,
              "timestamp": "84:58"
            }
          ]
        }
      ]
    }
  ]
}