{
  "segments": [
    {
      "title": "INTRODUÇÃO",
      "subsections": [
        {
          "subtitle": "IDENTIFICAÇÃO",
          "items": [
            {
              "id": 0,
              "timestamp": "00:06"
            },
            {
              "id": 2,
              "timestamp": "00:43"
            },
            {
              "id": 4,
              "timestamp": "00:57"
            },
            {
              "id": 6,
              "timestamp": "00:59"
            },
            {
              "id": 16,
              "timestamp": "02:41"
            },
            {
              "id": 18,
              "timestamp": "02:48"
            },
            {
              "id": 20,
              "timestamp": "02:50"
            }
          ]
        },
        {
          "subtitle": "FAMÍLIA",
          "items": [
            {
              "id": 8,
              "timestamp": "01:09"
            },
            {
              "id": 10,
              "timestamp": "01:22"
            },
            {
              "id": 12,
              "timestamp": "01:35"
            },
            {
              "id": 14,
              "timestamp": "01:48"
            },
            {
              "id": 32,
              "timestamp": "09:25"
            }
          ]
        },
        {
          "subtitle": "INFÂNCIA",
          "items": [
            {
              "id": 22,
              "timestamp": "03:41"
            },
            {
              "id": 24,
              "timestamp": "04:05"
            },
            {
              "id": 26,
              "timestamp": "05:46"
            },
            {
              "id": 28,
              "timestamp": "07:54"
            },
            {
              "id": 30,
              "timestamp": "08:31"
            },
            {
              "id": 34,
              "timestamp": "10:56"
            },
            {
              "id": 38,
              "timestamp": "12:11"
            }
          ]
        },
        {
          "subtitle": "ESCOLA",
          "items": [
            {
              "id": 128,
              "timestamp": "37:40"
            },
            {
              "id": 130,
              "timestamp": "37:53"
            },
            {
              "id": 132,
              "timestamp": "37:56"
            },
            {
              "id": 134,
              "timestamp": "39:30"
            }
          ]
        },
        {
          "subtitle": "JUVENTUDE",
          "items": [
            {
              "id": 36,
              "timestamp": "11:58"
            },
            {
              "id": 40,
              "timestamp": "13:37"
            },
            {
              "id": 42,
              "timestamp": "13:52"
            },
            {
              "id": 44,
              "timestamp": "14:56"
            },
            {
              "id": 46,
              "timestamp": "15:03"
            },
            {
              "id": 48,
              "timestamp": "15:07"
            },
            {
              "id": 94,
              "timestamp": "29:25"
            },
            {
              "id": 96,
              "timestamp": "30:35"
            },
            {
              "id": 98,
              "timestamp": "31:15"
            },
            {
              "id": 100,
              "timestamp": "31:35"
            },
            {
              "id": 102,
              "timestamp": "32:33"
            },
            {
              "id": 104,
              "timestamp": "32:35"
            },
            {
              "id": 106,
              "timestamp": "33:03"
            },
            {
              "id": 108,
              "timestamp": "33:12"
            },
            {
              "id": 110,
              "timestamp": "33:29"
            },
            {
              "id": 112,
              "timestamp": "33:48"
            },
            {
              "id": 114,
              "timestamp": "34:04"
            },
            {
              "id": 116,
              "timestamp": "34:16"
            },
            {
              "id": 118,
              "timestamp": "34:54"
            },
            {
              "id": 120,
              "timestamp": "35:21"
            },
            {
              "id": 122,
              "timestamp": "35:42"
            },
            {
              "id": 126,
              "timestamp": "37:03"
            },
            {
              "id": 136,
              "timestamp": "40:42"
            },
            {
              "id": 138,
              "timestamp": "41:03"
            },
            {
              "id": 140,
              "timestamp": "41:46"
            },
            {
              "id": 142,
              "timestamp": "43:13"
            },
            {
              "id": 144,
              "timestamp": "43:42"
            },
            {
              "id": 146,
              "timestamp": "44:02"
            },
            {
              "id": 148,
              "timestamp": "44:25"
            },
            {
              "id": 150,
              "timestamp": "44:58"
            },
            {
              "id": 152,
              "timestamp": "47:02"
            },
            {
              "id": 154,
              "timestamp": "47:08"
            },
            {
              "id": 156,
              "timestamp": "48:36"
            },
            {
              "id": 158,
              "timestamp": "49:19"
            },
            {
              "id": 160,
              "timestamp": "49:41"
            },
            {
              "id": 162,
              "timestamp": "50:21"
            },
            {
              "id": 164,
              "timestamp": "53:15"
            },
            {
              "id": 166,
              "timestamp": "53:20"
            },
            {
              "id": 168,
              "timestamp": "53:31"
            },
            {
              "id": 170,
              "timestamp": "56:08"
            },
            {
              "id": 172,
              "timestamp": "56:25"
            },
            {
              "id": 174,
              "timestamp": "57:00"
            },
            {
              "id": 176,
              "timestamp": "57:18"
            },
            {
              "id": 178,
              "timestamp": "58:10"
            },
            {
              "id": 180,
              "timestamp": "58:30"
            },
            {
              "id": 182,
              "timestamp": "59:30"
            },
            {
              "id": 184,
              "timestamp": "61:29"
            },
            {
              "id": 186,
              "timestamp": "62:01"
            },
            {
              "id": 188,
              "timestamp": "62:14"
            },
            {
              "id": 190,
              "timestamp": "62:31"
            }
          ]
        }
      ]
    },
    {
      "title": "DESENVOLVIMENTO",
      "subsections": [
        {
          "subtitle": "TRABALHO/ COMÉRCIO",
          "items": [
            {
              "id": 50,
              "timestamp": "16:17"
            },
            {
              "id": 52,
              "timestamp": "16:41"
            },
            {
              "id": 54,
              "timestamp": "17:49"
            },
            {
              "id": 56,
              "timestamp": "17:56"
            },
            {
              "id": 58,
              "timestamp": "18:50"
            },
            {
              "id": 60,
              "timestamp": "19:19"
            },
            {
              "id": 62,
              "timestamp": "20:39"
            },
            {
              "id": 64,
              "timestamp": "21:01"
            },
            {
              "id": 66,
              "timestamp": "21:40"
            },
            {
              "id": 68,
              "timestamp": "21:46"
            },
            {
              "id": 70,
              "timestamp": "21:59"
            },
            {
              "id": 72,
              "timestamp": "22:34"
            },
            {
              "id": 74,
              "timestamp": "23:20"
            },
            {
              "id": 76,
              "timestamp": "23:50"
            },
            {
              "id": 78,
              "timestamp": "23:55"
            },
            {
              "id": 80,
              "timestamp": "24:37"
            },
            {
              "id": 82,
              "timestamp": "25:12"
            },
            {
              "id": 84,
              "timestamp": "25:37"
            },
            {
              "id": 86,
              "timestamp": "26:26"
            },
            {
              "id": 88,
              "timestamp": "27:58"
            },
            {
              "id": 90,
              "timestamp": "28:42"
            },
            {
              "id": 92,
              "timestamp": "29:04"
            },
            {
              "id": 124,
              "timestamp": "36:41"
            }
          ]
        }
      ]
    },
    {
      "title": "FINALIZAÇÃO",
      "subsections": [
        {
          "subtitle": "CONSIDERAÇÕES FINAIS",
          "items": [
            {
              "id": 192,
              "timestamp": "64:07"
            },
            {
              "id": 194,
              "timestamp": "64:11"
            },
            {
              "id": 196,
              "timestamp": "64:20"
            },
            {
              "id": 198,
              "timestamp": "65:03"
            },
            {
              "id": 200,
              "timestamp": "65:09"
            },
            {
              "id": 202,
              "timestamp": "65:21"
            },
            {
              "id": 204,
              "timestamp": "65:32"
            },
            {
              "id": 206,
              "timestamp": "66:38"
            },
            {
              "id": 208,
              "timestamp": "68:55"
            },
            {
              "id": 210,
              "timestamp": "69:30"
            },
            {
              "id": 212,
              "timestamp": "70:22"
            },
            {
              "id": 214,
              "timestamp": "70:28"
            },
            {
              "id": 216,
              "timestamp": "71:32"
            },
            {
              "id": 218,
              "timestamp": "72:21"
            },
            {
              "id": 220,
              "timestamp": "72:52"
            },
            {
              "id": 222,
              "timestamp": "72:55"
            },
            {
              "id": 224,
              "timestamp": "74:15"
            },
            {
              "id": 228,
              "timestamp": "75:31"
            },
            {
              "id": 230,
              "timestamp": "76:39"
            },
            {
              "id": 232,
              "timestamp": "79:02"
            },
            {
              "id": 234,
              "timestamp": "79:14"
            },
            {
              "id": 236,
              "timestamp": "79:30"
            },
            {
              "id": 238,
              "timestamp": "79:47"
            },
            {
              "id": 240,
              "timestamp": "80:24"
            },
            {
              "id": 242,
              "timestamp": "80:39"
            }
          ]
        }
      ]
    }
  ]
}