{
  "segments": [
    {
      "title": "INTRODUÇÃO",
      "subsections": [
        {
          "subtitle": "FAMÍLIA",
          "items": [
            {
              "id": 1,
              "timestamp": "01:50"
            },
            {
              "id": 3,
              "timestamp": "07:00"
            },
            {
              "id": 5,
              "timestamp": "08:04"
            },
            {
              "id": 7,
              "timestamp": "09:32"
            },
            {
              "id": 9,
              "timestamp": "09:44"
            },
            {
              "id": 11,
              "timestamp": "11:04"
            }
          ]
        },
        {
          "subtitle": "INFÂNCIA",
          "items": [
            {
              "id": 13,
              "timestamp": "18:07"
            },
            {
              "id": 15,
              "timestamp": "19:20"
            },
            {
              "id": 55,
              "timestamp": "80:13"
            }
          ]
        },
        {
          "subtitle": "JUVENTUDE",
          "items": [
            {
              "id": 17,
              "timestamp": "30:04"
            },
            {
              "id": 19,
              "timestamp": "30:39"
            },
            {
              "id": 21,
              "timestamp": "31:58"
            },
            {
              "id": 23,
              "timestamp": "33:11"
            },
            {
              "id": 25,
              "timestamp": "36:09"
            },
            {
              "id": 27,
              "timestamp": "37:11"
            },
            {
              "id": 29,
              "timestamp": "37:38"
            },
            {
              "id": 35,
              "timestamp": "44:52"
            },
            {
              "id": 37,
              "timestamp": "46:07"
            },
            {
              "id": 39,
              "timestamp": "47:24"
            },
            {
              "id": 41,
              "timestamp": "51:45"
            },
            {
              "id": 43,
              "timestamp": "53:41"
            },
            {
              "id": 45,
              "timestamp": "55:31"
            },
            {
              "id": 47,
              "timestamp": "57:15"
            },
            {
              "id": 49,
              "timestamp": "59:06"
            }
          ]
        }
      ]
    },
    {
      "title": "DESENVOLVIMENTO",
      "subsections": [
        {
          "subtitle": "TRABALHO/ COMÉRCIO",
          "items": [
            {
              "id": 31,
              "timestamp": "40:03"
            },
            {
              "id": 33,
              "timestamp": "40:19"
            }
          ]
        }
      ]
    },
    {
      "title": "FINALIZAÇÃO",
      "subsections": [
        {
          "subtitle": "FINALIZAÇÃO",
          "items": [
            {
              "id": 51,
              "timestamp": "65:01"
            },
            {
              "id": 53,
              "timestamp": "66:55"
            },
            {
              "id": 59,
              "timestamp": "82:08"
            },
            {
              "id": 61,
              "timestamp": "83:18"
            }
          ]
        }
      ]
    }
  ]
}