{
  "segments": [
    {
      "title": "INTRODUÇÃO",
      "subsections": [
        {
          "subtitle": "IDENTIFICAÇÃO",
          "items": [
            {
              "id": 0,
              "timestamp": "00:19"
            },
            {
              "id": 2,
              "timestamp": "00:45"
            },
            {
              "id": 6,
              "timestamp": "02:45"
            }
          ]
        },
        {
          "subtitle": "FAMÍLIA",
          "items": [
            {
              "id": 32,
              "timestamp": "16:04"
            }
          ]
        },
        {
          "subtitle": "INFÂNCIA",
          "items": [
            {
              "id": 8,
              "timestamp": "04:10"
            },
            {
              "id": 10,
              "timestamp": "04:15"
            },
            {
              "id": 12,
              "timestamp": "06:00"
            },
            {
              "id": 14,
              "timestamp": "06:05"
            },
            {
              "id": 16,
              "timestamp": "07:44"
            },
            {
              "id": 18,
              "timestamp": "08:20"
            },
            {
              "id": 20,
              "timestamp": "11:16"
            },
            {
              "id": 22,
              "timestamp": "11:44"
            },
            {
              "id": 46,
              "timestamp": "21:02"
            },
            {
              "id": 48,
              "timestamp": "21:51"
            },
            {
              "id": 50,
              "timestamp": "23:38"
            }
          ]
        },
        {
          "subtitle": "ESCOLA",
          "items": [
            {
              "id": 24,
              "timestamp": "13:27"
            },
            {
              "id": 26,
              "timestamp": "14:19"
            },
            {
              "id": 28,
              "timestamp": "14:24"
            },
            {
              "id": 30,
              "timestamp": "15:37"
            },
            {
              "id": 80,
              "timestamp": "56:04"
            }
          ]
        },
        {
          "subtitle": "JUVENTUDE",
          "items": [
            {
              "id": 34,
              "timestamp": "16:58"
            },
            {
              "id": 36,
              "timestamp": "17:33"
            },
            {
              "id": 38,
              "timestamp": "18:14"
            },
            {
              "id": 40,
              "timestamp": "18:57"
            },
            {
              "id": 42,
              "timestamp": "19:09"
            },
            {
              "id": 52,
              "timestamp": "24:27"
            },
            {
              "id": 54,
              "timestamp": "26:20"
            },
            {
              "id": 56,
              "timestamp": "27:26"
            },
            {
              "id": 58,
              "timestamp": "29:13"
            },
            {
              "id": 60,
              "timestamp": "30:11"
            },
            {
              "id": 62,
              "timestamp": "34:34"
            },
            {
              "id": 64,
              "timestamp": "34:43"
            },
            {
              "id": 66,
              "timestamp": "34:54"
            }
          ]
        }
      ]
    },
    {
      "title": "DESENVOLVIMENTO",
      "subsections": [
        {
          "subtitle": "TRABALHO/ COMÉRCIO",
          "items": [
            {
              "id": 4,
              "timestamp": "02:18"
            },
            {
              "id": 44,
              "timestamp": "19:12"
            },
            {
              "id": 68,
              "timestamp": "35:05"
            },
            {
              "id": 70,
              "timestamp": "35:12"
            },
            {
              "id": 72,
              "timestamp": "38:05"
            },
            {
              "id": 74,
              "timestamp": "38:40"
            },
            {
              "id": 76,
              "timestamp": "50:02"
            },
            {
              "id": 78,
              "timestamp": "53:26"
            }
          ]
        }
      ]
    },
    {
      "title": "FINALIZAÇÃO",
      "subsections": [
        {
          "subtitle": "FINALIZAÇÃO",
          "items": [
            {
              "id": 82,
              "timestamp": "57:54"
            },
            {
              "id": 84,
              "timestamp": "59:25"
            },
            {
              "id": 86,
              "timestamp": "59:47"
            },
            {
              "id": 88,
              "timestamp": "62:13"
            }
          ]
        }
      ]
    }
  ]
}