{
  "segments": [
    {
      "title": "INTRODUÇÃO",
      "subsections": [
        {
          "subtitle": "IDENTIFICAÇÃO",
          "items": [
            {
              "id": 0,
              "timestamp": "00:27"
            },
            {
              "id": 2,
              "timestamp": "00:51"
            },
            {
              "id": 4,
              "timestamp": "00:59"
            },
            {
              "id": 6,
              "timestamp": "01:43"
            },
            {
              "id": 8,
              "timestamp": "03:30"
            }
          ]
        },
        {
          "subtitle": "FAMÍLIA",
          "items": [
            {
              "id": 10,
              "timestamp": "06:12"
            },
            {
              "id": 12,
              "timestamp": "06:58"
            },
            {
              "id": 14,
              "timestamp": "07:06"
            },
            {
              "id": 16,
              "timestamp": "07:50"
            },
            {
              "id": 18,
              "timestamp": "07:52"
            },
            {
              "id": 20,
              "timestamp": "08:02"
            },
            {
              "id": 22,
              "timestamp": "08:08"
            },
            {
              "id": 24,
              "timestamp": "09:05"
            },
            {
              "id": 26,
              "timestamp": "11:51"
            },
            {
              "id": 28,
              "timestamp": "12:25"
            },
            {
              "id": 30,
              "timestamp": "12:42"
            },
            {
              "id": 32,
              "timestamp": "12:55"
            },
            {
              "id": 34,
              "timestamp": "13:42"
            },
            {
              "id": 36,
              "timestamp": "15:08"
            },
            {
              "id": 38,
              "timestamp": "16:21"
            },
            {
              "id": 40,
              "timestamp": "16:26"
            },
            {
              "id": 42,
              "timestamp": "16:45"
            },
            {
              "id": 44,
              "timestamp": "17:04"
            },
            {
              "id": 46,
              "timestamp": "17:20"
            },
            {
              "id": 48,
              "timestamp": "17:26"
            },
            {
              "id": 50,
              "timestamp": "18:07"
            },
            {
              "id": 52,
              "timestamp": "18:16"
            },
            {
              "id": 54,
              "timestamp": "18:25"
            }
          ]
        },
        {
          "subtitle": "JUVENTUDE",
          "items": [
            {
              "id": 56,
              "timestamp": "19:44"
            },
            {
              "id": 74,
              "timestamp": "26:53"
            },
            {
              "id": 76,
              "timestamp": "27:13"
            },
            {
              "id": 78,
              "timestamp": "27:24"
            },
            {
              "id": 80,
              "timestamp": "27:33"
            },
            {
              "id": 82,
              "timestamp": "28:05"
            },
            {
              "id": 84,
              "timestamp": "28:23"
            },
            {
              "id": 86,
              "timestamp": "29:04"
            }
          ]
        }
      ]
    },
    {
      "title": "DESENVOLVIMENTO",
      "subsections": [
        {
          "subtitle": "TRABALHO/ COMÉRCIO",
          "items": [
            {
              "id": 58,
              "timestamp": "20:37"
            },
            {
              "id": 60,
              "timestamp": "20:46"
            },
            {
              "id": 62,
              "timestamp": "21:32"
            },
            {
              "id": 64,
              "timestamp": "21:43"
            },
            {
              "id": 66,
              "timestamp": "21:48"
            },
            {
              "id": 68,
              "timestamp": "21:57"
            },
            {
              "id": 70,
              "timestamp": "23:44"
            },
            {
              "id": 72,
              "timestamp": "24:01"
            },
            {
              "id": 88,
              "timestamp": "29:18"
            }
          ]
        }
      ]
    },
    {
      "title": "FINALIZAÇÃO",
      "subsections": [
        {
          "subtitle": "FINALIZAÇÃO",
          "items": [
            {
              "id": 90,
              "timestamp": "30:48"
            },
            {
              "id": 92,
              "timestamp": "31:02"
            },
            {
              "id": 94,
              "timestamp": "31:56"
            },
            {
              "id": 96,
              "timestamp": "32:23"
            },
            {
              "id": 98,
              "timestamp": "32:33"
            },
            {
              "id": 100,
              "timestamp": "33:29"
            },
            {
              "id": 102,
              "timestamp": "33:34"
            },
            {
              "id": 104,
              "timestamp": "35:22"
            },
            {
              "id": 106,
              "timestamp": "35:58"
            },
            {
              "id": 108,
              "timestamp": "35:59"
            }
          ]
        }
      ]
    }
  ]
}