{
  "segments": [
    {
      "title": "INTRODUÇÃO",
      "subsections": [
        {
          "subtitle": "IDENTIFICAÇÃO",
          "items": [
            {
              "id": 0,
              "timestamp": "00:32"
            }
          ]
        },
        {
          "subtitle": "FAMÍLIA",
          "items": [
            {
              "id": 2,
              "timestamp": "01:25"
            },
            {
              "id": 4,
              "timestamp": "02:02"
            },
            {
              "id": 6,
              "timestamp": "02:15"
            },
            {
              "id": 12,
              "timestamp": "04:39"
            },
            {
              "id": 28,
              "timestamp": "07:13"
            }
          ]
        },
        {
          "subtitle": "INFÂNCIA",
          "items": [
            {
              "id": 8,
              "timestamp": "02:46"
            },
            {
              "id": 10,
              "timestamp": "03:46"
            },
            {
              "id": 14,
              "timestamp": "04:45"
            },
            {
              "id": 16,
              "timestamp": "04:54"
            },
            {
              "id": 18,
              "timestamp": "05:16"
            }
          ]
        },
        {
          "subtitle": "ESCOLA",
          "items": [
            {
              "id": 20,
              "timestamp": "05:56"
            },
            {
              "id": 22,
              "timestamp": "06:15"
            },
            {
              "id": 24,
              "timestamp": "06:37"
            },
            {
              "id": 26,
              "timestamp": "06:46"
            },
            {
              "id": 30,
              "timestamp": "08:06"
            },
            {
              "id": 32,
              "timestamp": "08:28"
            },
            {
              "id": 34,
              "timestamp": "09:25"
            },
            {
              "id": 36,
              "timestamp": "10:12"
            },
            {
              "id": 58,
              "timestamp": "14:37"
            },
            {
              "id": 60,
              "timestamp": "15:13"
            },
            {
              "id": 62,
              "timestamp": "16:10"
            }
          ]
        },
        {
          "subtitle": "JUVENTUDE",
          "items": [
            {
              "id": 38,
              "timestamp": "11:24"
            },
            {
              "id": 40,
              "timestamp": "11:46"
            },
            {
              "id": 42,
              "timestamp": "12:04"
            },
            {
              "id": 46,
              "timestamp": "12:51"
            },
            {
              "id": 48,
              "timestamp": "13:50"
            },
            {
              "id": 50,
              "timestamp": "14:06"
            },
            {
              "id": 52,
              "timestamp": "14:16"
            },
            {
              "id": 54,
              "timestamp": "14:19"
            },
            {
              "id": 56,
              "timestamp": "14:32"
            },
            {
              "id": 64,
              "timestamp": "17:55"
            },
            {
              "id": 66,
              "timestamp": "18:38"
            },
            {
              "id": 84,
              "timestamp": "23:38"
            },
            {
              "id": 86,
              "timestamp": "23:44"
            },
            {
              "id": 96,
              "timestamp": "27:47"
            },
            {
              "id": 112,
              "timestamp": "32:49"
            },
            {
              "id": 170,
              "timestamp": "79:01"
            },
            {
              "id": 172,
              "timestamp": "79:18"
            }
          ]
        }
      ]
    },
    {
      "title": "DESENVOLVIMENTO",
      "subsections": [
        {
          "subtitle": "TRABALHO/ COMÉRCIO",
          "items": [
            {
              "id": 68,
              "timestamp": "19:11"
            },
            {
              "id": 70,
              "timestamp": "19:18"
            },
            {
              "id": 72,
              "timestamp": "19:22"
            },
            {
              "id": 74,
              "timestamp": "21:37"
            },
            {
              "id": 76,
              "timestamp": "22:01"
            },
            {
              "id": 78,
              "timestamp": "22:40"
            },
            {
              "id": 88,
              "timestamp": "25:38"
            },
            {
              "id": 90,
              "timestamp": "26:32"
            },
            {
              "id": 92,
              "timestamp": "26:41"
            },
            {
              "id": 98,
              "timestamp": "28:05"
            },
            {
              "id": 100,
              "timestamp": "28:46"
            },
            {
              "id": 102,
              "timestamp": "30:38"
            },
            {
              "id": 104,
              "timestamp": "30:44"
            },
            {
              "id": 106,
              "timestamp": "31:11"
            },
            {
              "id": 108,
              "timestamp": "32:27"
            },
            {
              "id": 110,
              "timestamp": "32:38"
            },
            {
              "id": 114,
              "timestamp": "33:03"
            },
            {
              "id": 116,
              "timestamp": "34:12"
            },
            {
              "id": 120,
              "timestamp": "34:50"
            },
            {
              "id": 122,
              "timestamp": "35:19"
            },
            {
              "id": 124,
              "timestamp": "36:23"
            },
            {
              "id": 126,
              "timestamp": "36:28"
            },
            {
              "id": 128,
              "timestamp": "37:12"
            },
            {
              "id": 130,
              "timestamp": "39:29"
            },
            {
              "id": 132,
              "timestamp": "41:53"
            },
            {
              "id": 134,
              "timestamp": "42:59"
            },
            {
              "id": 136,
              "timestamp": "46:14"
            },
            {
              "id": 138,
              "timestamp": "50:19"
            },
            {
              "id": 140,
              "timestamp": "51:21"
            },
            {
              "id": 142,
              "timestamp": "52:21"
            },
            {
              "id": 144,
              "timestamp": "53:22"
            },
            {
              "id": 146,
              "timestamp": "58:39"
            },
            {
              "id": 148,
              "timestamp": "59:01"
            },
            {
              "id": 150,
              "timestamp": "59:48"
            }
          ]
        }
      ]
    },
    {
      "title": "FINALIZAÇÃO",
      "subsections": [
        {
          "subtitle": "CONSIDERAÇÕES FINAIS",
          "items": [
            {
              "id": 152,
              "timestamp": "65:31"
            },
            {
              "id": 154,
              "timestamp": "66:39"
            },
            {
              "id": 156,
              "timestamp": "68:20"
            },
            {
              "id": 158,
              "timestamp": "70:34"
            },
            {
              "id": 160,
              "timestamp": "71:36"
            },
            {
              "id": 162,
              "timestamp": "72:44"
            },
            {
              "id": 166,
              "timestamp": "77:20"
            },
            {
              "id": 168,
              "timestamp": "77:37"
            },
            {
              "id": 174,
              "timestamp": "79:54"
            },
            {
              "id": 176,
              "timestamp": "83:02"
            },
            {
              "id": 178,
              "timestamp": "86:17"
            },
            {
              "id": 180,
              "timestamp": "86:41"
            },
            {
              "id": 182,
              "timestamp": "87:03"
            },
            {
              "id": 184,
              "timestamp": "87:10"
            }
          ]
        }
      ]
    }
  ]
}