{
  "segments": [
    {
      "title": "INTRODUÇÃO",
      "subsections": [
        {
          "subtitle": "FAMÍLIA",
          "items": [
            {
              "id": 1,
              "timestamp": "00:51"
            },
            {
              "id": 3,
              "timestamp": "02:08"
            },
            {
              "id": 5,
              "timestamp": "02:28"
            },
            {
              "id": 11,
              "timestamp": "05:45"
            }
          ]
        },
        {
          "subtitle": "INFÂNCIA",
          "items": [
            {
              "id": 7,
              "timestamp": "03:40"
            },
            {
              "id": 9,
              "timestamp": "04:34"
            },
            {
              "id": 19,
              "timestamp": "12:26"
            },
            {
              "id": 21,
              "timestamp": "14:37"
            }
          ]
        },
        {
          "subtitle": "ESCOLA",
          "items": [
            {
              "id": 13,
              "timestamp": "09:30"
            },
            {
              "id": 15,
              "timestamp": "11:05"
            },
            {
              "id": 17,
              "timestamp": "12:09"
            },
            {
              "id": 23,
              "timestamp": "15:37"
            },
            {
              "id": 25,
              "timestamp": "16:48"
            },
            {
              "id": 27,
              "timestamp": "16:59"
            },
            {
              "id": 29,
              "timestamp": "18:02"
            },
            {
              "id": 39,
              "timestamp": "24:03"
            },
            {
              "id": 41,
              "timestamp": "24:14"
            },
            {
              "id": 43,
              "timestamp": "24:35"
            },
            {
              "id": 49,
              "timestamp": "25:56"
            },
            {
              "id": 77,
              "timestamp": "42:49"
            }
          ]
        },
        {
          "subtitle": "JUVENTUDE",
          "items": [
            {
              "id": 31,
              "timestamp": "18:18"
            },
            {
              "id": 33,
              "timestamp": "18:25"
            },
            {
              "id": 35,
              "timestamp": "20:25"
            },
            {
              "id": 37,
              "timestamp": "21:46"
            },
            {
              "id": 53,
              "timestamp": "29:42"
            },
            {
              "id": 55,
              "timestamp": "31:13"
            },
            {
              "id": 57,
              "timestamp": "31:37"
            },
            {
              "id": 59,
              "timestamp": "32:58"
            },
            {
              "id": 61,
              "timestamp": "33:15"
            },
            {
              "id": 63,
              "timestamp": "33:35"
            },
            {
              "id": 65,
              "timestamp": "39:02"
            },
            {
              "id": 67,
              "timestamp": "39:07"
            },
            {
              "id": 69,
              "timestamp": "40:01"
            },
            {
              "id": 71,
              "timestamp": "40:07"
            },
            {
              "id": 73,
              "timestamp": "40:18"
            },
            {
              "id": 75,
              "timestamp": "41:56"
            },
            {
              "id": 79,
              "timestamp": "44:57"
            },
            {
              "id": 81,
              "timestamp": "46:29"
            }
          ]
        }
      ]
    },
    {
      "title": "DESENVOLVIMENTO",
      "subsections": [
        {
          "subtitle": "TRABALHO/ COMÉRCIO",
          "items": [
            {
              "id": 45,
              "timestamp": "25:14"
            },
            {
              "id": 47,
              "timestamp": "25:45"
            },
            {
              "id": 51,
              "timestamp": "27:25"
            },
            {
              "id": 83,
              "timestamp": "49:29"
            },
            {
              "id": 85,
              "timestamp": "51:00"
            },
            {
              "id": 87,
              "timestamp": "55:50"
            },
            {
              "id": 89,
              "timestamp": "57:04"
            },
            {
              "id": 91,
              "timestamp": "57:44"
            },
            {
              "id": 93,
              "timestamp": "78:42"
            },
            {
              "id": 95,
              "timestamp": "86:47"
            },
            {
              "id": 97,
              "timestamp": "87:53"
            },
            {
              "id": 99,
              "timestamp": "88:12"
            },
            {
              "id": 101,
              "timestamp": "88:21"
            },
            {
              "id": 103,
              "timestamp": "94:13"
            },
            {
              "id": 105,
              "timestamp": "96:19"
            }
          ]
        }
      ]
    },
    {
      "title": "FINALIZAÇÃO",
      "subsections": [
        {
          "subtitle": "CONSIDERAÇÕES FINAIS",
          "items": [
            {
              "id": 107,
              "timestamp": "98:02"
            },
            {
              "id": 109,
              "timestamp": "98:53"
            },
            {
              "id": 111,
              "timestamp": "100:34"
            },
            {
              "id": 113,
              "timestamp": "102:59"
            },
            {
              "id": 115,
              "timestamp": "104:39"
            },
            {
              "id": 117,
              "timestamp": "110:34"
            },
            {
              "id": 119,
              "timestamp": "111:42"
            },
            {
              "id": 121,
              "timestamp": "113:01"
            },
            {
              "id": 123,
              "timestamp": "114:10"
            },
            {
              "id": 125,
              "timestamp": "114:56"
            },
            {
              "id": 127,
              "timestamp": "115:11"
            },
            {
              "id": 129,
              "timestamp": "120:02"
            }
          ]
        }
      ]
    }
  ]
}