{
  "segments": [
    {
      "title": "INTRODUÇÃO",
      "subsections": [
        {
          "subtitle": "IDENTIFICAÇÃO",
          "items": [
            {
              "id": 0,
              "timestamp": "00:26"
            },
            {
              "id": 8,
              "timestamp": "03:06"
            },
            {
              "id": 10,
              "timestamp": "03:09"
            }
          ]
        },
        {
          "subtitle": "FAMÍLIA",
          "items": [
            {
              "id": 2,
              "timestamp": "01:05"
            },
            {
              "id": 4,
              "timestamp": "02:16"
            },
            {
              "id": 6,
              "timestamp": "02:25"
            }
          ]
        },
        {
          "subtitle": "INFÂNCIA",
          "items": [
            {
              "id": 12,
              "timestamp": "03:12"
            },
            {
              "id": 14,
              "timestamp": "03:15"
            },
            {
              "id": 16,
              "timestamp": "04:16"
            },
            {
              "id": 18,
              "timestamp": "04:19"
            },
            {
              "id": 20,
              "timestamp": "04:39"
            },
            {
              "id": 24,
              "timestamp": "05:23"
            },
            {
              "id": 26,
              "timestamp": "05:52"
            },
            {
              "id": 28,
              "timestamp": "06:44"
            }
          ]
        },
        {
          "subtitle": "ESCOLA",
          "items": [
            {
              "id": 30,
              "timestamp": "07:50"
            },
            {
              "id": 32,
              "timestamp": "09:00"
            },
            {
              "id": 38,
              "timestamp": "11:45"
            },
            {
              "id": 54,
              "timestamp": "20:32"
            },
            {
              "id": 56,
              "timestamp": "21:40"
            },
            {
              "id": 58,
              "timestamp": "23:47"
            }
          ]
        },
        {
          "subtitle": "JUVENTUDE",
          "items": [
            {
              "id": 40,
              "timestamp": "15:06"
            },
            {
              "id": 42,
              "timestamp": "16:11"
            },
            {
              "id": 44,
              "timestamp": "16:15"
            },
            {
              "id": 46,
              "timestamp": "18:19"
            },
            {
              "id": 48,
              "timestamp": "18:50"
            },
            {
              "id": 50,
              "timestamp": "19:29"
            },
            {
              "id": 52,
              "timestamp": "19:50"
            }
          ]
        }
      ]
    },
    {
      "title": "DESENVOLVIMENTO",
      "subsections": [
        {
          "subtitle": "TRABALHO/ COMÉRCIO",
          "items": [
            {
              "id": 60,
              "timestamp": "24:01"
            },
            {
              "id": 62,
              "timestamp": "24:37"
            },
            {
              "id": 64,
              "timestamp": "25:49"
            },
            {
              "id": 66,
              "timestamp": "27:17"
            },
            {
              "id": 68,
              "timestamp": "28:07"
            },
            {
              "id": 70,
              "timestamp": "29:09"
            },
            {
              "id": 72,
              "timestamp": "30:30"
            },
            {
              "id": 74,
              "timestamp": "30:46"
            },
            {
              "id": 76,
              "timestamp": "33:15"
            },
            {
              "id": 92,
              "timestamp": "47:15"
            },
            {
              "id": 94,
              "timestamp": "47:45"
            },
            {
              "id": 100,
              "timestamp": "52:16"
            },
            {
              "id": 102,
              "timestamp": "52:20"
            }
          ]
        }
      ]
    },
    {
      "title": "FINALIZAÇÃO",
      "subsections": [
        {
          "subtitle": "CONSIDERAÇÕES FINAIS",
          "items": [
            {
              "id": 123,
              "timestamp": "62:00"
            },
            {
              "id": 125,
              "timestamp": "63:23"
            },
            {
              "id": 127,
              "timestamp": "64:12"
            },
            {
              "id": 140,
              "timestamp": "69:18"
            }
          ]
        }
      ]
    }
  ]
}