{
  "segments": [
    {
      "title": "INTRODUÇÃO",
      "subsections": [
        {
          "subtitle": "IDENTIFICAÇÃO",
          "items": [
            {
              "id": 3,
              "timestamp": "05:41"
            }
          ]
        },
        {
          "subtitle": "FAMÍLIA",
          "items": [
            {
              "id": 9,
              "timestamp": "09:59"
            },
            {
              "id": 11,
              "timestamp": "10:47"
            },
            {
              "id": 17,
              "timestamp": "12:44"
            },
            {
              "id": 87,
              "timestamp": "52:31"
            }
          ]
        },
        {
          "subtitle": "INFÂNCIA",
          "items": [
            {
              "id": 1,
              "timestamp": "01:58"
            },
            {
              "id": 5,
              "timestamp": "06:50"
            },
            {
              "id": 7,
              "timestamp": "08:35"
            },
            {
              "id": 19,
              "timestamp": "13:46"
            }
          ]
        },
        {
          "subtitle": "ESCOLA",
          "items": [
            {
              "id": 13,
              "timestamp": "11:01"
            },
            {
              "id": 15,
              "timestamp": "11:10"
            },
            {
              "id": 21,
              "timestamp": "14:35"
            },
            {
              "id": 23,
              "timestamp": "15:22"
            },
            {
              "id": 35,
              "timestamp": "20:55"
            },
            {
              "id": 39,
              "timestamp": "23:46"
            },
            {
              "id": 51,
              "timestamp": "32:23"
            }
          ]
        },
        {
          "subtitle": "JUVENTUDE",
          "items": [
            {
              "id": 25,
              "timestamp": "15:46"
            },
            {
              "id": 27,
              "timestamp": "15:54"
            },
            {
              "id": 29,
              "timestamp": "17:32"
            },
            {
              "id": 31,
              "timestamp": "19:00"
            },
            {
              "id": 33,
              "timestamp": "20:31"
            },
            {
              "id": 37,
              "timestamp": "22:34"
            },
            {
              "id": 41,
              "timestamp": "25:38"
            },
            {
              "id": 43,
              "timestamp": "25:45"
            },
            {
              "id": 49,
              "timestamp": "30:24"
            },
            {
              "id": 53,
              "timestamp": "32:26"
            },
            {
              "id": 55,
              "timestamp": "33:50"
            },
            {
              "id": 57,
              "timestamp": "34:56"
            },
            {
              "id": 59,
              "timestamp": "36:00"
            },
            {
              "id": 61,
              "timestamp": "36:32"
            },
            {
              "id": 63,
              "timestamp": "36:48"
            },
            {
              "id": 65,
              "timestamp": "37:39"
            },
            {
              "id": 73,
              "timestamp": "47:28"
            },
            {
              "id": 75,
              "timestamp": "48:14"
            },
            {
              "id": 77,
              "timestamp": "49:06"
            },
            {
              "id": 81,
              "timestamp": "49:34"
            },
            {
              "id": 83,
              "timestamp": "50:02"
            },
            {
              "id": 95,
              "timestamp": "57:42"
            }
          ]
        }
      ]
    },
    {
      "title": "DESENVOLVIMENTO",
      "subsections": [
        {
          "subtitle": "TRABALHO/ COMÉRCIO",
          "items": [
            {
              "id": 45,
              "timestamp": "26:23"
            },
            {
              "id": 47,
              "timestamp": "28:55"
            },
            {
              "id": 67,
              "timestamp": "39:48"
            },
            {
              "id": 69,
              "timestamp": "40:53"
            },
            {
              "id": 71,
              "timestamp": "45:31"
            },
            {
              "id": 79,
              "timestamp": "49:18"
            },
            {
              "id": 85,
              "timestamp": "50:09"
            },
            {
              "id": 89,
              "timestamp": "54:01"
            },
            {
              "id": 91,
              "timestamp": "55:01"
            },
            {
              "id": 93,
              "timestamp": "56:50"
            }
          ]
        }
      ]
    },
    {
      "title": "FINALIZAÇÃO",
      "subsections": [
        {
          "subtitle": "FINALIZAÇÃO",
          "items": [
            {
              "id": 97,
              "timestamp": "58:22"
            },
            {
              "id": 99,
              "timestamp": "59:10"
            },
            {
              "id": 101,
              "timestamp": "62:20"
            },
            {
              "id": 103,
              "timestamp": "62:49"
            },
            {
              "id": 105,
              "timestamp": "64:51"
            },
            {
              "id": 107,
              "timestamp": "66:13"
            },
            {
              "id": 109,
              "timestamp": "69:52"
            },
            {
              "id": 111,
              "timestamp": "70:33"
            }
          ]
        }
      ]
    }
  ]
}