{
  "segments": [
    {
      "title": "INTRODUÇÃO",
      "subsections": [
        {
          "subtitle": "IDENTIFICAÇÃO",
          "items": [
            {
              "id": 0,
              "timestamp": "00:52"
            },
            {
              "id": 2,
              "timestamp": "01:06"
            },
            {
              "id": 4,
              "timestamp": "01:55"
            },
            {
              "id": 10,
              "timestamp": "04:54"
            }
          ]
        },
        {
          "subtitle": "FAMÍLIA",
          "items": [
            {
              "id": 6,
              "timestamp": "02:57"
            },
            {
              "id": 8,
              "timestamp": "03:35"
            }
          ]
        },
        {
          "subtitle": "INFÂNCIA",
          "items": [
            {
              "id": 12,
              "timestamp": "05:03"
            },
            {
              "id": 14,
              "timestamp": "07:51"
            },
            {
              "id": 16,
              "timestamp": "08:56"
            },
            {
              "id": 18,
              "timestamp": "09:42"
            }
          ]
        },
        {
          "subtitle": "ESCOLA",
          "items": [
            {
              "id": 20,
              "timestamp": "11:04"
            },
            {
              "id": 22,
              "timestamp": "12:19"
            },
            {
              "id": 24,
              "timestamp": "13:44"
            },
            {
              "id": 26,
              "timestamp": "20:14"
            },
            {
              "id": 54,
              "timestamp": "33:37"
            },
            {
              "id": 56,
              "timestamp": "34:45"
            },
            {
              "id": 58,
              "timestamp": "35:06"
            },
            {
              "id": 60,
              "timestamp": "38:57"
            },
            {
              "id": 62,
              "timestamp": "41:08"
            },
            {
              "id": 64,
              "timestamp": "41:12"
            }
          ]
        },
        {
          "subtitle": "JUVENTUDE",
          "items": [
            {
              "id": 28,
              "timestamp": "21:24"
            },
            {
              "id": 30,
              "timestamp": "22:48"
            },
            {
              "id": 32,
              "timestamp": "23:59"
            },
            {
              "id": 34,
              "timestamp": "24:04"
            },
            {
              "id": 36,
              "timestamp": "25:55"
            },
            {
              "id": 38,
              "timestamp": "27:48"
            },
            {
              "id": 40,
              "timestamp": "28:18"
            },
            {
              "id": 42,
              "timestamp": "28:21"
            },
            {
              "id": 44,
              "timestamp": "29:05"
            },
            {
              "id": 46,
              "timestamp": "29:49"
            },
            {
              "id": 48,
              "timestamp": "30:37"
            },
            {
              "id": 50,
              "timestamp": "32:44"
            },
            {
              "id": 52,
              "timestamp": "32:47"
            }
          ]
        }
      ]
    },
    {
      "title": "DESENVOLVIMENTO",
      "subsections": [
        {
          "subtitle": "TRABALHO/ COMÉRCIO",
          "items": [
            {
              "id": 66,
              "timestamp": "41:45"
            },
            {
              "id": 68,
              "timestamp": "43:16"
            },
            {
              "id": 70,
              "timestamp": "43:23"
            },
            {
              "id": 72,
              "timestamp": "44:28"
            },
            {
              "id": 74,
              "timestamp": "48:10"
            },
            {
              "id": 76,
              "timestamp": "48:53"
            },
            {
              "id": 78,
              "timestamp": "48:59"
            },
            {
              "id": 80,
              "timestamp": "49:35"
            },
            {
              "id": 82,
              "timestamp": "51:32"
            },
            {
              "id": 84,
              "timestamp": "54:24"
            }
          ]
        }
      ]
    },
    {
      "title": "FINALIZAÇÃO",
      "subsections": [
        {
          "subtitle": "CONSIDERAÇÕES FINAIS",
          "items": [
            {
              "id": 86,
              "timestamp": "57:07"
            },
            {
              "id": 88,
              "timestamp": "57:43"
            },
            {
              "id": 90,
              "timestamp": "57:48"
            }
          ]
        }
      ]
    }
  ]
}