{
  "segments": [
    {
      "title": "INTRODUÇÃO",
      "subsections": [
        {
          "subtitle": "IDENTIFICAÇÃO",
          "items": [
            {
              "id": 0,
              "timestamp": "00:40"
            },
            {
              "id": 6,
              "timestamp": "06:08"
            }
          ]
        },
        {
          "subtitle": "FAMÍLIA",
          "items": [
            {
              "id": 2,
              "timestamp": "04:06"
            }
          ]
        },
        {
          "subtitle": "INFÂNCIA",
          "items": [
            {
              "id": 4,
              "timestamp": "04:46"
            },
            {
              "id": 8,
              "timestamp": "06:12"
            },
            {
              "id": 10,
              "timestamp": "07:39"
            },
            {
              "id": 12,
              "timestamp": "09:36"
            }
          ]
        },
        {
          "subtitle": "ESCOLA",
          "items": [
            {
              "id": 14,
              "timestamp": "11:46"
            },
            {
              "id": 16,
              "timestamp": "14:18"
            },
            {
              "id": 18,
              "timestamp": "14:22"
            },
            {
              "id": 20,
              "timestamp": "16:07"
            },
            {
              "id": 28,
              "timestamp": "24:20"
            },
            {
              "id": 38,
              "timestamp": "31:11"
            },
            {
              "id": 54,
              "timestamp": "47:36"
            },
            {
              "id": 56,
              "timestamp": "52:12"
            },
            {
              "id": 58,
              "timestamp": "54:57"
            },
            {
              "id": 60,
              "timestamp": "57:56"
            },
            {
              "id": 62,
              "timestamp": "59:26"
            },
            {
              "id": 64,
              "timestamp": "61:19"
            },
            {
              "id": 66,
              "timestamp": "63:19"
            },
            {
              "id": 68,
              "timestamp": "64:06"
            },
            {
              "id": 70,
              "timestamp": "66:46"
            }
          ]
        },
        {
          "subtitle": "JUVENTUDE",
          "items": [
            {
              "id": 22,
              "timestamp": "19:08"
            },
            {
              "id": 24,
              "timestamp": "20:46"
            },
            {
              "id": 26,
              "timestamp": "21:22"
            },
            {
              "id": 30,
              "timestamp": "25:16"
            },
            {
              "id": 32,
              "timestamp": "26:37"
            },
            {
              "id": 34,
              "timestamp": "26:43"
            },
            {
              "id": 36,
              "timestamp": "29:38"
            },
            {
              "id": 40,
              "timestamp": "34:36"
            },
            {
              "id": 48,
              "timestamp": "41:15"
            },
            {
              "id": 50,
              "timestamp": "45:21"
            },
            {
              "id": 52,
              "timestamp": "46:42"
            },
            {
              "id": 86,
              "timestamp": "88:39"
            },
            {
              "id": 88,
              "timestamp": "90:38"
            }
          ]
        }
      ]
    },
    {
      "title": "DESENVOLVIMENTO",
      "subsections": [
        {
          "subtitle": "TRABALHO/ COMÉRCIO",
          "items": [
            {
              "id": 42,
              "timestamp": "37:34"
            },
            {
              "id": 44,
              "timestamp": "38:04"
            },
            {
              "id": 46,
              "timestamp": "40:39"
            },
            {
              "id": 72,
              "timestamp": "70:38"
            },
            {
              "id": 74,
              "timestamp": "74:01"
            },
            {
              "id": 76,
              "timestamp": "74:42"
            },
            {
              "id": 78,
              "timestamp": "76:38"
            },
            {
              "id": 80,
              "timestamp": "77:43"
            },
            {
              "id": 82,
              "timestamp": "79:31"
            },
            {
              "id": 84,
              "timestamp": "84:59"
            },
            {
              "id": 96,
              "timestamp": "95:01"
            },
            {
              "id": 98,
              "timestamp": "99:15"
            },
            {
              "id": 100,
              "timestamp": "101:12"
            },
            {
              "id": 102,
              "timestamp": "105:09"
            },
            {
              "id": 104,
              "timestamp": "109:25"
            },
            {
              "id": 106,
              "timestamp": "111:30"
            }
          ]
        }
      ]
    },
    {
      "title": "FINALIZAÇÃO",
      "subsections": [
        {
          "subtitle": "FINALIZAÇÃO",
          "items": [
            {
              "id": 90,
              "timestamp": "92:09"
            },
            {
              "id": 92,
              "timestamp": "93:29"
            },
            {
              "id": 94,
              "timestamp": "94:58"
            },
            {
              "id": 108,
              "timestamp": "116:54"
            },
            {
              "id": 110,
              "timestamp": "121:42"
            },
            {
              "id": 112,
              "timestamp": "123:37"
            },
            {
              "id": 114,
              "timestamp": "128:00"
            },
            {
              "id": 116,
              "timestamp": "128:33"
            },
            {
              "id": 118,
              "timestamp": "129:28"
            },
            {
              "id": 120,
              "timestamp": "133:16"
            },
            {
              "id": 122,
              "timestamp": "134:13"
            }
          ]
        }
      ]
    }
  ]
}