{
  "segments": [
    {
      "title": "INTRODUÇÃO",
      "subsections": [
        {
          "subtitle": "IDENTIFICAÇÃO",
          "items": [
            {
              "id": 0,
              "timestamp": "00:26"
            }
          ]
        },
        {
          "subtitle": "FAMÍLIA",
          "items": [
            {
              "id": 2,
              "timestamp": "00:52"
            },
            {
              "id": 4,
              "timestamp": "00:56"
            },
            {
              "id": 6,
              "timestamp": "01:26"
            },
            {
              "id": 8,
              "timestamp": "01:42"
            },
            {
              "id": 10,
              "timestamp": "01:45"
            },
            {
              "id": 12,
              "timestamp": "02:11"
            },
            {
              "id": 26,
              "timestamp": "05:55"
            },
            {
              "id": 28,
              "timestamp": "06:48"
            },
            {
              "id": 50,
              "timestamp": "13:32"
            },
            {
              "id": 52,
              "timestamp": "13:49"
            },
            {
              "id": 54,
              "timestamp": "15:55"
            },
            {
              "id": 56,
              "timestamp": "16:37"
            }
          ]
        },
        {
          "subtitle": "INFÂNCIA",
          "items": [
            {
              "id": 14,
              "timestamp": "02:28"
            },
            {
              "id": 16,
              "timestamp": "03:11"
            },
            {
              "id": 18,
              "timestamp": "03:26"
            },
            {
              "id": 20,
              "timestamp": "04:25"
            },
            {
              "id": 22,
              "timestamp": "04:59"
            },
            {
              "id": 24,
              "timestamp": "05:36"
            }
          ]
        },
        {
          "subtitle": "ESCOLA",
          "items": [
            {
              "id": 58,
              "timestamp": "16:40"
            },
            {
              "id": 60,
              "timestamp": "16:49"
            },
            {
              "id": 62,
              "timestamp": "17:54"
            },
            {
              "id": 64,
              "timestamp": "18:03"
            },
            {
              "id": 66,
              "timestamp": "18:27"
            },
            {
              "id": 68,
              "timestamp": "18:44"
            }
          ]
        },
        {
          "subtitle": "JUVENTUDE",
          "items": [
            {
              "id": 70,
              "timestamp": "20:24"
            },
            {
              "id": 72,
              "timestamp": "20:30"
            },
            {
              "id": 74,
              "timestamp": "21:07"
            },
            {
              "id": 76,
              "timestamp": "21:40"
            },
            {
              "id": 78,
              "timestamp": "21:45"
            },
            {
              "id": 80,
              "timestamp": "23:01"
            },
            {
              "id": 82,
              "timestamp": "24:16"
            },
            {
              "id": 84,
              "timestamp": "24:45"
            },
            {
              "id": 86,
              "timestamp": "24:56"
            },
            {
              "id": 88,
              "timestamp": "25:14"
            },
            {
              "id": 90,
              "timestamp": "26:20"
            },
            {
              "id": 92,
              "timestamp": "29:38"
            },
            {
              "id": 94,
              "timestamp": "29:44"
            },
            {
              "id": 126,
              "timestamp": "45:02"
            },
            {
              "id": 128,
              "timestamp": "46:02"
            },
            {
              "id": 130,
              "timestamp": "46:32"
            },
            {
              "id": 132,
              "timestamp": "46:38"
            }
          ]
        }
      ]
    },
    {
      "title": "DESENVOLVIMENTO",
      "subsections": [
        {
          "subtitle": "TRABALHO/ COMÉRCIO",
          "items": [
            {
              "id": 30,
              "timestamp": "07:19"
            },
            {
              "id": 32,
              "timestamp": "08:23"
            },
            {
              "id": 34,
              "timestamp": "08:27"
            },
            {
              "id": 36,
              "timestamp": "09:00"
            },
            {
              "id": 38,
              "timestamp": "09:48"
            },
            {
              "id": 40,
              "timestamp": "11:40"
            },
            {
              "id": 42,
              "timestamp": "11:47"
            },
            {
              "id": 44,
              "timestamp": "12:45"
            },
            {
              "id": 46,
              "timestamp": "12:50"
            },
            {
              "id": 48,
              "timestamp": "13:02"
            },
            {
              "id": 112,
              "timestamp": "40:15"
            },
            {
              "id": 114,
              "timestamp": "40:38"
            },
            {
              "id": 116,
              "timestamp": "40:48"
            },
            {
              "id": 118,
              "timestamp": "42:24"
            },
            {
              "id": 120,
              "timestamp": "43:15"
            },
            {
              "id": 122,
              "timestamp": "43:52"
            }
          ]
        }
      ]
    },
    {
      "title": "FINALIZAÇÃO",
      "subsections": [
        {
          "subtitle": "CONSIDERAÇÕES FINAIS",
          "items": [
            {
              "id": 96,
              "timestamp": "29:47"
            },
            {
              "id": 98,
              "timestamp": "31:13"
            },
            {
              "id": 100,
              "timestamp": "31:48"
            },
            {
              "id": 102,
              "timestamp": "34:35"
            },
            {
              "id": 104,
              "timestamp": "35:08"
            },
            {
              "id": 106,
              "timestamp": "35:35"
            },
            {
              "id": 108,
              "timestamp": "36:02"
            },
            {
              "id": 110,
              "timestamp": "39:39"
            },
            {
              "id": 124,
              "timestamp": "44:54"
            },
            {
              "id": 134,
              "timestamp": "49:26"
            },
            {
              "id": 136,
              "timestamp": "49:55"
            },
            {
              "id": 138,
              "timestamp": "50:30"
            },
            {
              "id": 140,
              "timestamp": "50:48"
            },
            {
              "id": 142,
              "timestamp": "51:42"
            },
            {
              "id": 144,
              "timestamp": "53:26"
            },
            {
              "id": 146,
              "timestamp": "54:28"
            },
            {
              "id": 148,
              "timestamp": "54:35"
            },
            {
              "id": 150,
              "timestamp": "54:44"
            },
            {
              "id": 152,
              "timestamp": "56:15"
            },
            {
              "id": 154,
              "timestamp": "56:57"
            },
            {
              "id": 156,
              "timestamp": "57:22"
            },
            {
              "id": 158,
              "timestamp": "57:30"
            }
          ]
        }
      ]
    }
  ]
}