{
  "segments": [
    {
      "title": "INTRODUÇÃO",
      "subsections": [
        {
          "subtitle": "IDENTIFICAÇÃO",
          "items": [
            {
              "id": 0,
              "timestamp": "00:12"
            }
          ]
        },
        {
          "subtitle": "FAMÍLIA",
          "items": [
            {
              "id": 2,
              "timestamp": "04:25"
            },
            {
              "id": 4,
              "timestamp": "07:20"
            },
            {
              "id": 6,
              "timestamp": "07:31"
            }
          ]
        },
        {
          "subtitle": "INFÂNCIA",
          "items": [
            {
              "id": 8,
              "timestamp": "12:37"
            }
          ]
        },
        {
          "subtitle": "ESCOLA",
          "items": [
            {
              "id": 10,
              "timestamp": "18:01"
            },
            {
              "id": 12,
              "timestamp": "22:06"
            },
            {
              "id": 14,
              "timestamp": "34:29"
            },
            {
              "id": 16,
              "timestamp": "36:22"
            },
            {
              "id": 18,
              "timestamp": "39:44"
            },
            {
              "id": 20,
              "timestamp": "47:42"
            },
            {
              "id": 22,
              "timestamp": "51:38"
            },
            {
              "id": 24,
              "timestamp": "54:31"
            },
            {
              "id": 26,
              "timestamp": "66:17"
            }
          ]
        },
        {
          "subtitle": "JUVENTUDE",
          "items": [
            {
              "id": 38,
              "timestamp": "124:19"
            }
          ]
        }
      ]
    },
    {
      "title": "DESENVOLVIMENTO",
      "subsections": [
        {
          "subtitle": "TRABALHO/ COMÉRCIO",
          "items": [
            {
              "id": 28,
              "timestamp": "89:22"
            },
            {
              "id": 30,
              "timestamp": "95:54"
            },
            {
              "id": 32,
              "timestamp": "96:25"
            },
            {
              "id": 34,
              "timestamp": "112:13"
            },
            {
              "id": 36,
              "timestamp": "112:38"
            }
          ]
        }
      ]
    },
    {
      "title": "FINALIZAÇÃO",
      "subsections": [
        {
          "subtitle": "CONSIDERAÇÕES FINAIS",
          "items": [
            {
              "id": 40,
              "timestamp": "126:28"
            }
          ]
        }
      ]
    }
  ]
}