{
  "segments": [
    {
      "title": "INTRODUÇÃO",
      "subsections": [
        {
          "subtitle": "IDENTIFICAÇÃO",
          "items": [
            {
              "id": 0,
              "timestamp": "00:18"
            },
            {
              "id": 2,
              "timestamp": "00:54"
            },
            {
              "id": 4,
              "timestamp": "01:28"
            },
            {
              "id": 6,
              "timestamp": "03:19"
            },
            {
              "id": 8,
              "timestamp": "03:41"
            },
            {
              "id": 10,
              "timestamp": "07:55"
            },
            {
              "id": 12,
              "timestamp": "08:15"
            },
            {
              "id": 20,
              "timestamp": "14:13"
            }
          ]
        },
        {
          "subtitle": "FAMÍLIA",
          "items": [
            {
              "id": 14,
              "timestamp": "11:30"
            },
            {
              "id": 26,
              "timestamp": "21:16"
            },
            {
              "id": 28,
              "timestamp": "23:57"
            },
            {
              "id": 30,
              "timestamp": "26:12"
            },
            {
              "id": 34,
              "timestamp": "31:11"
            }
          ]
        },
        {
          "subtitle": "INFÂNCIA",
          "items": [
            {
              "id": 16,
              "timestamp": "12:55"
            },
            {
              "id": 18,
              "timestamp": "13:44"
            },
            {
              "id": 22,
              "timestamp": "15:07"
            },
            {
              "id": 24,
              "timestamp": "20:46"
            },
            {
              "id": 36,
              "timestamp": "34:16"
            },
            {
              "id": 38,
              "timestamp": "39:14"
            },
            {
              "id": 44,
              "timestamp": "42:37"
            },
            {
              "id": 46,
              "timestamp": "45:15"
            }
          ]
        },
        {
          "subtitle": "ESCOLA",
          "items": [
            {
              "id": 40,
              "timestamp": "40:01"
            },
            {
              "id": 42,
              "timestamp": "40:47"
            }
          ]
        },
        {
          "subtitle": "JUVENTUDE",
          "items": [
            {
              "id": 48,
              "timestamp": "46:01"
            },
            {
              "id": 50,
              "timestamp": "51:28"
            },
            {
              "id": 52,
              "timestamp": "58:49"
            },
            {
              "id": 54,
              "timestamp": "63:04"
            },
            {
              "id": 56,
              "timestamp": "63:14"
            },
            {
              "id": 58,
              "timestamp": "63:17"
            },
            {
              "id": 64,
              "timestamp": "67:37"
            },
            {
              "id": 68,
              "timestamp": "71:09"
            },
            {
              "id": 70,
              "timestamp": "72:22"
            }
          ]
        }
      ]
    },
    {
      "title": "DESENVOLVIMENTO",
      "subsections": [
        {
          "subtitle": "TRABALHO/ COMÉRCIO",
          "items": [
            {
              "id": 60,
              "timestamp": "63:20"
            },
            {
              "id": 62,
              "timestamp": "64:21"
            },
            {
              "id": 66,
              "timestamp": "68:08"
            },
            {
              "id": 72,
              "timestamp": "88:24"
            },
            {
              "id": 74,
              "timestamp": "91:10"
            },
            {
              "id": 76,
              "timestamp": "114:40"
            }
          ]
        }
      ]
    },
    {
      "title": "FINALIZAÇÃO",
      "subsections": [
        {
          "subtitle": "CONSIDERAÇÕES FINAIS",
          "items": [
            {
              "id": 78,
              "timestamp": "119:51"
            },
            {
              "id": 80,
              "timestamp": "129:04"
            },
            {
              "id": 82,
              "timestamp": "136:52"
            }
          ]
        }
      ]
    }
  ]
}