{
  "segments": [
    {
      "title": "INTRODUÇÃO",
      "subsections": [
        {
          "subtitle": "FAMÍLIA",
          "items": [
            {
              "id": 0,
              "timestamp": "00:52"
            },
            {
              "id": 2,
              "timestamp": "06:34"
            },
            {
              "id": 4,
              "timestamp": "10:10"
            },
            {
              "id": 6,
              "timestamp": "11:04"
            },
            {
              "id": 18,
              "timestamp": "22:10"
            },
            {
              "id": 20,
              "timestamp": "23:22"
            },
            {
              "id": 22,
              "timestamp": "26:54"
            },
            {
              "id": 24,
              "timestamp": "28:18"
            },
            {
              "id": 26,
              "timestamp": "33:00"
            },
            {
              "id": 30,
              "timestamp": "40:05"
            },
            {
              "id": 40,
              "timestamp": "62:11"
            }
          ]
        },
        {
          "subtitle": "INFÂNCIA",
          "items": [
            {
              "id": 14,
              "timestamp": "17:18"
            },
            {
              "id": 16,
              "timestamp": "19:53"
            },
            {
              "id": 28,
              "timestamp": "36:29"
            },
            {
              "id": 32,
              "timestamp": "50:01"
            },
            {
              "id": 34,
              "timestamp": "50:06"
            }
          ]
        },
        {
          "subtitle": "ESCOLA",
          "items": [
            {
              "id": 8,
              "timestamp": "12:17"
            },
            {
              "id": 10,
              "timestamp": "13:08"
            },
            {
              "id": 12,
              "timestamp": "15:00"
            },
            {
              "id": 36,
              "timestamp": "52:44"
            },
            {
              "id": 38,
              "timestamp": "60:26"
            },
            {
              "id": 42,
              "timestamp": "63:56"
            },
            {
              "id": 44,
              "timestamp": "66:02"
            },
            {
              "id": 48,
              "timestamp": "76:56"
            }
          ]
        },
        {
          "subtitle": "JUVENTUDE",
          "items": [
            {
              "id": 46,
              "timestamp": "73:27"
            },
            {
              "id": 66,
              "timestamp": "113:56"
            }
          ]
        }
      ]
    },
    {
      "title": "DESENVOLVIMENTO",
      "subsections": [
        {
          "subtitle": "TRABALHO/ COMÉRCIO",
          "items": [
            {
              "id": 50,
              "timestamp": "83:37"
            },
            {
              "id": 52,
              "timestamp": "99:16"
            },
            {
              "id": 54,
              "timestamp": "100:15"
            },
            {
              "id": 56,
              "timestamp": "103:04"
            },
            {
              "id": 58,
              "timestamp": "104:49"
            },
            {
              "id": 60,
              "timestamp": "110:22"
            },
            {
              "id": 62,
              "timestamp": "112:31"
            },
            {
              "id": 64,
              "timestamp": "113:07"
            }
          ]
        }
      ]
    },
    {
      "title": "FINALIZAÇÃO",
      "subsections": [
        {
          "subtitle": "CONSIDERAÇÕES FINAIS",
          "items": [
            {
              "id": 68,
              "timestamp": "128:14"
            },
            {
              "id": 70,
              "timestamp": "128:28"
            },
            {
              "id": 72,
              "timestamp": "129:10"
            }
          ]
        }
      ]
    }
  ]
}