{
  "segments": [
    {
      "title": "INTRODUÇÃO",
      "subsections": [
        {
          "subtitle": "IDENTIFICAÇÃO",
          "items": [
            {
              "id": 0,
              "timestamp": "00:24"
            },
            {
              "id": 2,
              "timestamp": "01:14"
            }
          ]
        },
        {
          "subtitle": "FAMÍLIA",
          "items": [
            {
              "id": 4,
              "timestamp": "02:31"
            },
            {
              "id": 6,
              "timestamp": "03:22"
            },
            {
              "id": 8,
              "timestamp": "03:50"
            },
            {
              "id": 10,
              "timestamp": "04:17"
            }
          ]
        },
        {
          "subtitle": "INFÂNCIA",
          "items": [
            {
              "id": 12,
              "timestamp": "04:53"
            },
            {
              "id": 14,
              "timestamp": "06:38"
            },
            {
              "id": 16,
              "timestamp": "07:31"
            },
            {
              "id": 18,
              "timestamp": "08:35"
            },
            {
              "id": 20,
              "timestamp": "10:24"
            }
          ]
        },
        {
          "subtitle": "ESCOLA",
          "items": [
            {
              "id": 22,
              "timestamp": "10:48"
            },
            {
              "id": 24,
              "timestamp": "11:49"
            },
            {
              "id": 26,
              "timestamp": "12:29"
            },
            {
              "id": 28,
              "timestamp": "13:50"
            },
            {
              "id": 30,
              "timestamp": "14:22"
            }
          ]
        }
      ]
    },
    {
      "title": "DESENVOLVIMENTO",
      "subsections": [
        {
          "subtitle": "TRABALHO/ COMÉRCIO",
          "items": [
            {
              "id": 32,
              "timestamp": "17:35"
            },
            {
              "id": 34,
              "timestamp": "18:31"
            },
            {
              "id": 36,
              "timestamp": "20:06"
            },
            {
              "id": 38,
              "timestamp": "21:08"
            },
            {
              "id": 40,
              "timestamp": "22:30"
            },
            {
              "id": 42,
              "timestamp": "22:36"
            },
            {
              "id": 44,
              "timestamp": "23:58"
            },
            {
              "id": 46,
              "timestamp": "25:00"
            },
            {
              "id": 48,
              "timestamp": "25:20"
            },
            {
              "id": 50,
              "timestamp": "25:35"
            },
            {
              "id": 52,
              "timestamp": "26:46"
            },
            {
              "id": 54,
              "timestamp": "29:17"
            },
            {
              "id": 56,
              "timestamp": "33:52"
            },
            {
              "id": 58,
              "timestamp": "35:03"
            },
            {
              "id": 60,
              "timestamp": "36:00"
            }
          ]
        }
      ]
    },
    {
      "title": "FINALIZAÇÃO",
      "subsections": [
        {
          "subtitle": "CONSIDERAÇÕES FINAIS",
          "items": [
            {
              "id": 62,
              "timestamp": "38:08"
            },
            {
              "id": 64,
              "timestamp": "42:25"
            },
            {
              "id": 66,
              "timestamp": "43:39"
            },
            {
              "id": 68,
              "timestamp": "44:51"
            },
            {
              "id": 70,
              "timestamp": "48:20"
            },
            {
              "id": 72,
              "timestamp": "49:16"
            },
            {
              "id": 74,
              "timestamp": "57:15"
            },
            {
              "id": 76,
              "timestamp": "58:46"
            },
            {
              "id": 78,
              "timestamp": "62:29"
            },
            {
              "id": 80,
              "timestamp": "67:47"
            },
            {
              "id": 82,
              "timestamp": "71:45"
            },
            {
              "id": 84,
              "timestamp": "72:39"
            },
            {
              "id": 88,
              "timestamp": "73:21"
            },
            {
              "id": 90,
              "timestamp": "73:36"
            },
            {
              "id": 92,
              "timestamp": "74:15"
            },
            {
              "id": 94,
              "timestamp": "82:24"
            },
            {
              "id": 96,
              "timestamp": "83:38"
            },
            {
              "id": 98,
              "timestamp": "83:47"
            }
          ]
        }
      ]
    }
  ]
}